tx_id,fraud
f4c5a182-c6c0-436e-ab7d-be5cebcb6f82,0
9d20d6f2-eead-45a9-a07b-8996286f0174,0
aa74d5d7-34e1-410e-9a76-d5d8894cf603,1
1b15098b-717b-44cb-8073-432c2f3e06ac,0
126678f1-9b95-40b0-8d0f-6e823a0d90e6,0
ef3c73b8-1785-42fe-9598-2e647b25f990,0
4fa55760-46b3-4c89-a649-60302677eb22,0
3618656f-dc6e-48c0-b152-f8dce793f588,0
536796b4-d0e6-4a65-9e43-70bdbc412fa2,0
e0656677-ee08-4300-b038-3ccef5543d31,1
14e4f370-87be-4318-9908-4f4bfe896353,1
91b2624a-1a99-45ce-86d8-3b5beb5d47c3,0
a8d160e1-a56c-407c-8035-f999555982ce,0
d054d593-7da1-413f-b7bc-aa0d58030577,0
909b3dcc-aa8c-4d37-9b9c-376008338ffd,0
3753bafc-3306-43a9-bfde-d5ee9ef431cc,0
9f80c960-897b-4ef2-8c17-1651a7755f4c,0
7860c1eb-bc5d-4258-8b8c-75d28824741e,0
cec08ade-0149-4ee1-aeb9-74087e3cf73e,0
4156e9e5-cecf-4b38-a598-56ad211e8c5c,0
6c975d3c-6f6c-4565-8798-a532919b0844,0
13f161e3-ba39-4c0d-8718-c0c107ee9811,0
bdf9bc70-f7f6-4c71-8345-2a041524a060,0
5788e3d9-50e8-455f-a673-fd0dced90a0b,1
31e8af0c-c329-40e7-9d3f-43525b3c7644,0
640a0e20-218b-479f-9523-f9b85469f844,1
1f660bb8-aa90-4f3a-9139-b6bb52f83812,0
634d154c-3571-4d96-97be-ef07f1ea8611,0
1a38d530-47bf-492a-98af-b4e2aff9e18d,0
d2812a05-ec66-4032-bd45-5722ffe6a669,0
723aa232-59c8-498f-ac00-6e22c64bc88a,0
c2a3e950-7fc8-472b-9553-591aade344e3,0
63e61694-f4f0-4c49-b849-60cfc51bda48,0
f96c2cbd-8eb3-41dc-ab75-2de4bdd0a47a,0
ccb27b04-0234-45d8-ad90-4253d2e796aa,0
18ccac7b-2e95-4ae2-8f8c-e9ce10c45b83,0
e4754c1d-0f08-402b-aacd-37bd15654af1,1
7f3b2ef8-c8c9-4d7c-8b8f-9c521776c85e,1
a3987cce-886d-4886-bbf1-d30cd04242a0,1
7fbacb08-43e1-4636-a8a6-197d10f4b4c2,1
ed027d88-fa70-4ce4-bd51-c8a2224780df,0
f320a969-ae21-4563-b714-44381c6246a1,0
4a4068d0-93cd-4f4c-9d58-f55ab96ea9ba,0
d7d7b723-9ec7-46c5-9f02-fd6a2636f1da,0
08a9f074-428a-4535-a79b-ed0682a66705,0
b629e160-8432-44ec-9c1a-48573cba1912,0
912ccf51-7d5f-4b91-a3f8-25f6ef8b144b,0
adb0be46-37e1-428a-a4eb-3f725f8a369c,0
e2d68da9-db9c-402a-8371-d6fbccfc1dbb,1
bb7d564c-e6f8-478b-9a4d-8d19b6435e88,1
ebc94b16-0504-4dfa-ad0d-c0682f5ab71a,0
d0122bc1-6f84-4f65-ab7a-f752b014e16c,1
3d3be990-800e-41bd-8112-3288d7f768eb,1
42e1b3dd-d3c0-461b-87ea-834cceb9ec48,1
1329b101-d876-4c4b-bf68-6aa7255c2d9c,0
795d7f66-6fcf-4ae5-8bf2-2b2711b3e891,0
1f27c2e2-4198-467b-82cd-a9e963a3cd15,0
07a127a2-7493-40ec-8ffc-badb71ad9b74,0
a2888667-1406-49f7-a396-b178cb16f149,0
3af3f6dc-71f8-42b5-9b42-6ca13c939562,0
6904a213-599d-41ea-b22b-01e4ae7b5f47,0
fee9d4ad-24d5-4511-bce4-b5ab966cd980,0
0fa13733-469a-422f-ab2c-28640eec67a0,0
9faa9fed-7eb7-401e-9285-af391a587db2,0
30a6ed65-7b66-4fdc-b01c-78e9e28b059e,0
873ef363-a39d-4e78-b123-7128a39d4320,0
d2cac6ff-5d0d-44a8-bc8f-d7516f0d0934,0
aeb4d9d8-9ea3-482e-a459-e80c806cb29f,0
464baf06-22d9-4f34-9e73-7a3a2689eb28,0
951f06a6-570f-4d43-84b3-7c37092f2017,0
611f8183-fac9-45e2-9392-2030ee028682,0
e04728d0-f54c-41e0-939f-c3b137174b32,0
a9d32b5e-cdce-4e89-b5b0-79471bc3960e,1
ea4e3da6-3640-4dc3-8c42-f91c3c01dbb7,0
9ad693b6-7237-4127-b388-2f1bb280eb06,0
007bbcbe-3c34-436c-bcd0-2df8d55fece5,0
8fae75ea-774d-4397-a43d-5f30492c8dd3,0
f617b4f8-f906-4f9e-9adf-8774803faaf8,0
c751db66-cee8-4e86-affd-39192829912d,1
4dcd2403-8236-4fe1-ab7f-37c44dc4b47d,0
58452db9-70a0-4bb4-b482-aee9b60e760a,0
172a78c1-827d-4fb5-bf8a-36a0f5ff24e0,1
606b6ab6-f270-4c62-a0a9-70729192f5ea,0
55d7ca98-9423-45ed-bf47-28dfc113d3c5,0
3ff10cfe-0b3c-4e48-883a-fb2d24abd754,1
1a95779c-2893-4c8f-a5f0-05e781a44855,0
4ee5770b-ef20-4308-93ea-90b0906279c1,1
ec6808b8-8207-435e-b0a0-f2a38fc5b7ad,0
8e9e0dff-2fae-4c08-b074-f407963ce3bd,0
dd859b00-bbdc-4971-8e4e-efca5d761575,0
6212391f-a86f-4e08-872e-1f212db3f575,0
664569f7-a4eb-455c-b01b-c8eb5c0ad397,0
dd6c53a3-3a76-47ad-9c16-63ca17270a79,0
7c9eec84-ab54-441c-8510-4453840207fd,1
abc70097-49e4-4ec1-a551-df04b6956c63,0
32c34d9d-10a8-42e0-b4f9-948f47b160ba,0
25d6dc92-50ed-4f20-bbfe-cc6bcd53f7ad,0
f6bb2c59-a8dc-42af-8461-2f8b2bbda8de,0
1ac4c894-2eef-4411-8322-7b1393123225,1
a5185b45-0b66-4e5b-8dc8-3dd05cfde2c1,0
9ce1c605-7759-49aa-a8eb-a549dc44e23b,0
a8d8c967-f8a7-47fa-bc61-0b3901e6b62a,1
296bddc5-873d-404f-91c9-87742d1d02cd,0
aa1b17be-ef1d-4661-b4c1-3203d328a39b,0
b7329945-bc3f-4fd3-944f-94fcb3e859d5,0
aabe8c0c-3792-426d-a5d3-c915ae5797b3,0
f4444ce8-5d5b-4ea0-946c-cdc5bc84715c,0
3034004a-29ed-49d6-8a0c-0c3f41bd250b,1
c899e1db-1caa-4643-8db1-2ab66bb48637,0
0281ed91-9a81-48d6-a4d6-0ab1514d27eb,0
34d6e8aa-985f-49a9-ab05-ff7ac0524496,0
d6d2c8d5-cc20-4d78-9751-260953fb8120,0
720e0d9b-13d5-49d2-92e7-8f43d070a57b,0
f3d12a9f-8b81-4443-9d24-7da7ad82d921,1
32267d06-24d7-4f26-b907-efa98c6aa904,0
1039dfd4-99bf-4170-8586-575a70e353d7,0
8b28c674-4301-4481-96e5-ac320c18c572,0
9afd188c-ebe4-4fc5-b857-a68136ec8c48,0
49012aad-59a0-4220-9b34-c120a75e3f7c,0
ef6bd6e0-8834-4f90-b9fc-055912086e8d,1
a1ff08d6-4588-41a3-ba06-cad8ea8cc58d,0
c324eed8-50da-43a3-a66c-c55a81e50237,0
39890a8f-e2eb-49f7-b85c-3ac1c9075b29,0
76de2bb9-eab0-4f96-823b-635bdedc53f1,0
9ffc8aac-0a91-4e62-ae72-5bccaecba950,0
292cce64-8eb4-44f5-ba99-5c8cbc023d26,0
fb7910bd-ff7f-44a7-afcc-d8ec8421af37,1
5ebe64e0-f7a2-4065-acb9-d8607ca44e77,0
fae70250-31be-4018-83fb-e94321e1226f,0
5c644516-ae3d-4da4-b806-e4258fa9f037,0
a83daaaf-0518-4231-8a5b-15406c71c473,0
d51b4022-e9ad-4ca3-94b5-6d614fdf2d3a,0
5c124053-c356-40de-bc84-35cd47f54482,0
7dfa1ef2-d3c2-42a2-a3c2-9e6e6634b982,0
940e54aa-d1b4-4a8a-95ad-86c11c772db5,0
efd2cd05-8ac6-4c8d-80ec-79fd5a498d9e,0
76cd115b-2fc7-4a58-87eb-d7059e6e6f6c,0
8c0b8652-be93-40a6-8cf3-b039f26ab252,0
d5d75340-7ebc-4414-b2df-79d74d950272,0
4b0c48f0-e950-42a2-82df-627f56033f41,0
f571c746-68b8-41b9-9e6a-51653a2b8d8b,0
36f034f8-3518-438e-896a-0ce29d434ee0,0
e88ee771-f53f-4b41-8d04-e5c8ee9c594b,1
a722d237-6e5c-4927-a3df-2543b30bfd12,1
c1ac6afe-6da7-48f7-b409-27bce97864e2,1
60128645-e435-44eb-9770-e899e1e4987b,0
f69719e3-ff0b-4e94-989d-11f930c4aecd,0
744d5851-14b1-4352-b272-618033684cbe,1
bfbb1258-55d0-4bca-8c66-21870cf62cb5,1
ac6f3ac6-d37c-49bf-820c-7d863b285670,1
86b34683-91ce-448f-b18b-fd54f43260b9,0
f9a9b201-a9ad-41b5-85dd-739b5200f0ec,0
e87c8014-0da2-4e52-9f7f-20ce83a881f2,0
a0810bee-7b44-4591-a83c-7ad5cf9b7ede,0
3adaabca-609b-417c-9cdb-4ef79311c363,0
048373a0-42ec-4f16-99d6-34f6f27be439,0
1c80df67-96bf-445b-8d0e-f33a41af0230,0
93ca3fb8-296c-4ac2-bb0c-654db4b2fbff,0
d2608e3f-42c5-492c-8a16-eb3adc53f1b0,0
636fd744-6fe1-4af3-b687-7e328c38236b,0
14c846cc-dbf2-4b1f-bf52-21f77a698161,0
32b0e6cf-fc2e-4970-83b6-4c70ae0f1070,0
08a7ebc7-f395-4cf1-98b0-17994e4681fe,0
556f83a8-0ca5-4d0b-8466-033be3885d4d,0
e8657d42-5e31-4859-b5ed-b5e95ebcfda8,0
1fb28085-0430-47c3-98c7-b6edaf3b9ec4,0
ba715c47-c9c9-4c47-84f2-c353f91576e6,1
33557233-01e5-402a-84e9-ad2fc362fe6b,0
f7d3f7de-ea7a-4da7-8fa1-855ed5b3f873,0
fa9bbf21-cbed-4842-ae6b-8db190e350be,1
9e73d944-9791-4e2c-af3c-795ad7f68a24,0
3a7d13fa-11bf-4ea8-b4f2-53a9858c168f,1
362466d8-8d24-4d4b-8984-5a89551cd716,1
2a956c17-e42d-45d5-8061-0d1dcee40eda,0
20e766d0-4986-469d-8762-7fb30f078eae,0
bb0198b4-fcda-47a1-ae97-f4e3f45c8d2d,0
9e9e76ca-5006-4abf-a218-5ced94e1fe9f,0
0ad39f41-3f7b-4322-81f2-31d34112d946,0
1b020715-eb76-4fc8-9c13-51e74760b216,0
509be316-d05d-4630-b228-ec2f2c149395,0
ea3d14c7-e3a8-421d-8291-55b3ee9dd124,1
ce70afe5-9377-4b04-8cb4-a0e014450c6a,1
3621b5f5-8f33-48ec-b14e-89e28fa2ee06,0
c71dd596-350c-4684-bdd1-b260b81ef346,0
edf09bd0-31fd-43ba-9d45-cdcf5a6fedb2,0
4d8bcfc6-6774-4155-a437-3a37c13c1540,0
4d56d5f4-79b1-47e2-92b6-455a11abe106,0
c6598664-b08d-4d74-ab23-354d6bab950d,0
9d7a7225-e4c3-4917-9c40-57292c066e81,0
fd643720-e3b2-4c8a-9a5f-bc1ac89d31c1,0
77a62a91-4c75-493f-9ba0-ca62a431a690,0
794d8dc0-ed35-4fae-b6ed-76f711b5360c,0
cc3af0a0-527e-4267-a538-68e14981a97e,0
d20cb065-6d6b-4bef-a9cd-8ba2a40bf727,0
66bd3526-a6bd-4042-bf26-9676f411276e,0
636a61a1-c401-47b1-8597-b9bf934c7cc9,0
7b502839-6830-4671-8a9f-7f429745911b,0
047346d5-22e2-4639-bba6-5a4b12b06c85,0
3d38d161-c327-43cb-ba96-15f52f056738,0
39de3c48-0196-42df-9443-0e9193856445,0
b7d31553-ef8a-4304-b207-cbe3e057c151,0
fddb7c67-ca7e-4f2f-af59-1c6c85842bc5,0
39e252e1-e08b-4d15-af46-df9cf6d3d08e,1
9162403e-6759-48c6-ad9b-caac01b70186,0
aa6d67aa-57f8-41a9-abcc-3f7bb5a10af5,1
3387132a-da44-433f-ba28-662901f8f6a1,1
e40735bd-4b42-4e26-bf22-b7db603bbf0c,0
c42fa132-1521-4868-9334-57b6bc015ddf,0
61bee69f-4829-4779-b410-c17d63b30a28,1
61cab2e1-8420-416c-a58c-2d392366f854,0
6361a23f-7669-4955-9f0e-d1ee61f80810,0
041ff883-e2da-4445-9ec8-30d69e91c7a7,0
76e0a606-9e58-44b4-b7c7-2c7a4f9dad14,0
8d614c79-34fb-4dd4-86a8-457bff316292,0
7604d478-33f6-4be4-a19e-4eeb5dab08e8,0
ee5c1421-e163-4a8c-a839-5d81fe0909c4,0
22d8d045-c85d-49f6-bcef-e278b2f54777,1
d6a64c59-a451-4ff0-aa11-99ac98069037,0
0724c83b-0b57-4be4-ba7d-39f04cccfcc8,0
78155b24-6049-4542-82a6-e6a17563615e,0
a3acf0b9-dfda-459d-b00b-af415c212713,0
7351d652-e30f-4db9-97bc-4a6ddb16b6e2,0
2bdba59a-8b7d-474c-9205-6168821986bb,0
00d44dc0-b314-4877-b127-bee72fda21c2,0
a3e0d5e0-daaf-4e98-b010-dc84d77415f7,0
61c9a351-faa3-4769-98ae-95963ff8cdd1,1
2590e2f7-bb92-4907-b969-726b85a5f148,0
129a5ba3-c1b5-4304-b384-d02274d74b46,0
f56b3e76-389a-4146-814a-fefb8ffed4db,0
d2454ec5-9091-44af-bad2-9c641fbb49d9,0
3e66a711-dbe2-40d1-9650-e7f946733892,0
eb8cff3a-3429-4ab1-82d2-c9ae8c76b002,0
82f87e5a-024c-48c8-b700-933c22fba19d,0
40f77641-8f27-44e8-8b9f-b965240eb082,0
8bc681fb-3c10-4d30-92bd-eb6c37862ad7,0
99cc1fd1-fd29-45c8-86c5-b7f4ba320690,0
40cc187e-aa6b-4753-9f0c-fa30e2d96c36,0
1fc62bc9-cfbf-4d34-af60-a50336ffe853,1
28de3b3b-ead1-4f9f-8458-3813a720d5c0,1
2f2cb9de-5d8a-4b86-8bbd-ba7dcf88a3a2,0
901ebe1a-6795-447e-88f3-c9efe9bddd20,0
79e62248-a049-4367-b05b-68cb7d9da1df,1
3615dabb-4daf-4644-81d1-b42c4665b368,0
220b5780-1546-4d5c-b469-748c3cd05d0f,1
2369d4e8-86f2-4575-a13d-55d0a5ee537c,0
00fb3b48-9475-4a03-9996-0526230f5056,0
bce51228-e3b8-41c2-8aa6-3ac8d2411284,0
8a0773e7-a2ee-43d3-aab3-7d5ddca4c025,0
68491eb9-5aaa-472d-b0a9-34bcbb684b1e,0
3a0e8f0c-a122-4fdd-974f-6117e3265230,0
2d6d8656-e76e-4daf-a5f5-900bf5b7c99a,1
5a9416ba-8b9f-43cb-af7e-d27547d303d2,0
50c12e8c-ed57-49aa-8876-4a74d16b42da,0
adaac575-e8dc-4906-8e44-69502ecdf473,0
682bbb61-330b-4cdd-bab1-9428b2c24170,1
89bd0c67-cd0e-4815-8e0d-5eab0de46090,0
33d67e24-9cfa-45a8-9c55-18a05bc2af06,0
df796ff8-f742-489b-bf50-41e33caf123d,0
0778e39e-9051-480d-b1f9-4d35a8befccc,1
fa74e045-6ca6-413e-a8fa-e539a17ed1e5,0
70ad42ea-acf9-41fb-be91-4b15813239cd,0
1355eccc-52e1-4f32-a0c1-f06ab2e4a819,0
5dee45ec-9e45-4370-aea1-a08ae2c76235,0
9b79c27f-b582-45c6-ac12-b2bb0eb56330,0
bbf90a85-8a3a-4b39-a5fe-ae061d225231,0
187141ca-2737-4eb1-aa59-2e79d272f038,0
149f98f1-bd12-41dc-922c-054d4208e5fe,0
aaf59717-b760-4220-a5dd-ce0fc7681a89,0
1a327096-340e-4228-9891-4c496506c00c,1
390dd066-2ce5-4ce2-93db-6a657d53ff53,0
c37e75af-0be3-4a3d-8a07-bb70b924a773,0
e27a1a0c-d20d-40e0-ae4f-0174b289c0fc,0
439f9f7e-4a87-49c4-8ea5-7cc3fbb1342c,0
309fa001-93fe-44f4-ab7c-e1d974680777,1
8411bdc4-4dfe-491f-af2c-a032f9649e75,0
280dd85e-8333-440b-b4d0-25da2dcc121d,0
b2386d2e-e575-49b2-89e8-4721f4278de3,0
47a57001-f646-48b0-aa67-1398f1f7604c,1
1eaea27c-741a-456f-9625-e10a3cc2f580,0
e300b99b-6f5b-4ee3-8635-017cd79343ad,0
5f1c981f-19c3-4819-a560-2662b4bc5f22,0
2a58ce6e-dfb1-4358-a748-2692df6fbaeb,0
27c8ccc9-d933-47fe-a9f6-2d49677f8edc,0
92cbc7b6-fbe9-4114-9f3f-7a276c06c714,0
ed6567c9-96e6-404a-9fd6-af8882ce0660,0
d12cafc7-3fd3-49d2-ad93-7dc18f72b0a0,1
b818e930-88ca-4ea6-b0c4-333920b88c7d,1
f23b1d0b-6981-4e39-bfae-4effd8316af9,0
745b93aa-1488-4d34-a675-4cee814cd956,0
d1302141-b04f-4a75-bdd8-b17b7ff42d59,0
23646329-2682-4326-a6c7-d4dac1c4688b,0
35412800-eb66-4b67-bb50-bff593555199,0
46563ed6-9c0a-42b7-9a3a-24c535c51e8b,0
aa46600d-a0d7-4584-885c-7c93371e28d5,0
936b0da0-6187-4307-8d36-affb6e00d58a,0
d83c44e2-ccf2-4db1-ad85-70eb147f8bca,0
c7b14085-b8b8-4395-8504-98387a99f876,0
b3f7fc96-04c3-495f-bb55-89b24a47d29b,0
42497309-a7d0-4106-8f70-89e19cc40cf1,0
4a0bf372-8ca1-48d9-99eb-f6998ecf5e65,1
82247a2b-45f5-4692-99f1-ee8b8ff445fd,0
03b798f7-cbbd-4536-8372-7e8e30db8d46,1
c4d6a87b-4b59-4633-95ec-20518bb4d143,0
03b25259-34d9-48f1-bd60-f3bda0d31cca,0
cd166b11-680b-4506-956f-2119e1dbe240,0
59b76128-8ad0-418e-baad-475ba4403865,0
faef8d2d-d433-47a7-8930-924e739ab46e,0
e898a721-816b-4b93-97c2-4dc1da414db1,1
ed09cdfc-3d96-4cfb-bc48-6cd38f2e1706,0
1e1ed1a4-adb5-4914-b4ae-1e47eecb5052,0
d12c9a42-71ed-461d-b0be-5f479e88dff8,0
e51bd6a6-c2b6-4aad-a04c-3a4b2f0a1ce4,0
84e19fdf-68cb-4b17-b774-1fe9ac9f8883,0
413917ae-d710-4316-bd7c-7a9f46076bb4,1
345da37f-cf0f-4f1f-8024-42f1286e29a0,0
13140b5e-382f-4118-a8a8-5b1b52a20d54,0
8dbbe58a-9e9f-4132-afdc-14fb0e9be47d,1
3a0cad86-f51a-4756-aaf3-a72ce06b232e,0
abd800f8-29ee-4b89-b192-fa06d96344f3,0
1a4accbc-e1ac-4794-aad9-81a987a19cc6,0
5dabc602-244b-41e5-b4e5-7f0dd097998d,0
c75eba13-a92d-42f6-bbbf-d4946fc40409,0
9a64e96a-9c4e-4233-9536-0ec778947d91,0
524f9801-173a-4ad3-a8f6-d9d4943507b4,0
7c16d2a4-673d-483d-96af-9ec6a708441a,0
7798ca40-844b-4abe-9841-4461fbcebbca,0
39b9450b-0e1f-48e6-b935-4a94d5da0f11,1
7cf80c1b-fa73-437b-93a5-b58684f239fd,0
8db7dd27-2804-40ac-9079-0a715f1f20ac,0
49017ddb-b375-4fd2-b99f-aa1a0e961b87,0
52181809-6aba-4b71-b4a9-ec4b6b947c51,0
da25618f-5838-4219-a964-b26b5a2c6d98,0
26763e0f-5949-4b44-9854-f8cc26765b27,0
1b7c2842-b117-4bc7-8c84-d7fedaabcea6,0
b10d4dca-493f-4577-bfeb-69bfe827dec5,0
d4e4227a-34b1-4478-8b02-919589ee3c82,1
cdd35f91-5369-4f3e-bbc9-8c3e74615468,0
340454dd-3e2a-4eea-ad66-d7e581a53ad4,0
094c086d-3584-44c7-8d32-57d7d1ef5f5d,0
8401ba17-7bd3-4e6f-9f84-83180eb1ab7f,0
4106edad-26eb-45e6-8537-1d3129b53cd6,1
8cdd6ecc-5047-4f40-a2c8-0f5327b62888,1
f1a876a0-3711-49c7-a832-74d4889923c4,0
79752179-8a92-4a09-8161-0e8dabf5115d,0
f1f39f0a-7722-4654-8c4f-026140f4d8cf,1
e69e028d-1eaa-4c47-9292-48a4527e8eac,1
ab015f2d-68b5-4ac9-b36f-4c0fe7e2f5f8,0
63b2e025-1200-4bf2-bbef-6c2b5d9b6003,0
0cf9d7af-574a-43cc-bb6c-8010a9af06fa,1
74f9ac68-d44e-4ddc-abd8-bec7053ed58f,0
d9d97f8a-7132-4af7-9a7b-fdcee317c8b0,0
d370d772-7190-4720-8d24-95dc70f4736a,0
e8afa106-79a8-4467-845f-30caa941548d,0
58ce4067-1438-40ee-b321-f6f19d21d8aa,0
77cd9a01-16ae-4e5b-9ae1-a634e12872b6,0
677a727c-29ed-4960-8cb2-150f41f79a05,0
3ff33f6d-95c2-4a8a-8303-c44163654c81,1
5de720d2-3c98-4c7a-9dee-beda18424f95,0
4546da21-4778-458c-b3d2-c6d182a98c05,1
aa0e6d22-87a4-46eb-bb01-8a219d3415b6,0
088cd8e3-fd2d-4971-ab29-06c73b3a4201,0
525874c5-cd6e-4fb0-9daa-dcc59361c6c1,0
de6e06c7-fbc4-4931-b69b-b93b4a3f393b,0
27fc72b9-c94a-43cb-9c76-db2c704c032f,0
a4b817c8-11ff-4215-8f48-9fd6599bdd19,0
5d02f552-03cd-471a-9184-26819687b030,0
d491f6b3-567b-4156-8d2f-745e88ca3d20,0
f3cc8b6a-4c38-444d-b845-37dae2a21b85,0
78098584-9f5c-45da-aadb-cc62f68b3553,0
1745af1f-820d-4cf4-9591-9282e68d2bfb,0
57c61954-a82c-419d-8980-062add1ec0e1,1
245cb62b-f26f-4099-a330-f41092a9dd07,0
db35bc17-4d5d-46ee-bf2a-1370c4f24faa,0
13475621-02cb-428d-8844-d56e758f61b1,0
b62cf506-59be-4322-ab46-c893ed3e2b4c,0
2b629047-4c1e-433f-bd84-824ad035680b,0
960c67c7-0295-4b5c-b8fb-6a5d307fe02a,0
d1b429ba-f614-4544-970b-00ddb77d1b7f,0
be11e3aa-61c0-4321-bcb4-42813abc8c75,0
eff611df-e7b1-461e-bcbd-42a48a77c760,0
b2d2731d-282d-4f3d-b8d2-ff47cd70f059,1
e40636d3-ca58-426e-a9ae-a3227fa86779,0
3f90e74c-26ea-4555-a8b2-d28d24022240,1
4ca7ef0a-7b26-4bca-b362-ec68f4f02ba1,0
13d9d80b-48ca-4e28-96e6-2eddc8775d3b,1
4f2fa2e1-e625-417a-8371-6ca733ff90d0,1
ba62849f-03b5-43c2-acee-6f8d70244a3f,0
4f897b50-4183-40eb-addf-00a14843cf41,0
d775c3d0-a5be-4455-9d4a-a0a7db0e83b8,1
948a8735-11ce-4671-885b-6cebd58b6aa5,0
848175ca-2956-465c-9e25-a98ab57ecc7a,1
015a2689-7cdf-4dfd-a9e3-841068380b2c,0
73832b8f-b0df-42c0-aff8-7dac837b5e8d,0
face68bc-2224-4112-86f5-44aec23ce1ba,0
cf1e5742-d89a-4d70-8229-e73c65c5864c,0
55e81b5d-5f22-40ee-be27-1eeb91738282,1
eae6c377-bc93-4f79-bc26-efd92b3fa7e1,0
3745239b-1382-4805-ad0f-501fd04a6d3f,0
f4000f5c-e6e1-46aa-86e4-2c49760b8927,0
3d71c13c-27ab-44cc-9b40-88e378562ef1,1
29974486-4443-462f-b9d3-1549baaae115,0
f17e15f2-e999-4e0f-a686-c17b66312d6a,1
624ca2b5-48e7-45bf-946c-134b303f986e,1
657cc089-6e3d-4a61-a540-b2f3f07274fb,0
509e0844-f097-41e5-a3fd-de3b8e017926,0
5fab2f30-8eda-4615-a86a-2a29acbf1f05,0
0242d132-4dac-468d-801c-cad7fa6e76cf,0
b1d53a4a-b60b-4587-ac62-f4accc7fbc50,1
57d1496d-23fe-4286-9601-9e189421e547,0
f4a1f050-9047-4b5f-ba1b-5d864a3abc4b,0
a91a2b7a-ca05-4259-8bb3-560326624a92,0
d237fe26-ab65-4ec2-a8a3-d7fbd840b68a,0
b6333fce-75ca-41e8-9b7a-6ee6c2c367a6,0
44c2ee0b-348f-4def-896f-2beb8ca3453e,0
08fe3011-a4fe-45c2-a81e-c507dafc4422,0
a7c94503-1913-44e3-9b70-99c2ee6078a6,0
84190af6-db50-4021-98d3-316531ec887c,0
7aa067ba-cec2-48b9-9433-b9f6e9c0ccdc,0
59199c7a-6fb7-4b77-a267-81fa493b7abd,1
b39ab4b1-fab1-412a-ae87-f341ff1ad94c,0
4547fb23-6982-4f3c-99fa-add9d8eab16e,0
cdd162ad-7767-41cd-ae60-834e24b1e253,0
c9a56052-c3b2-4520-8cf8-c801f28ff74d,1
1aafc899-0cd0-4aa5-8a6f-c5deef849eaf,0
ab4471f3-70eb-418c-b7ac-54d3fd80dc61,1
2c62b8a8-d327-49b7-add2-cd0b86b4ed62,1
eda3e73a-3a5a-4bc1-aae6-ce03b9caa00d,1
617505b0-60cb-4961-ba77-537e7a20254c,0
578a7ea5-db41-4c2f-b5ce-d1519a6eb6f7,0
1b58fa26-f69d-4220-88d2-139f2b7226cf,0
5fd97b9c-ad32-4ac3-b902-ffd299ec78d9,0
0d69b064-536c-46bd-85b5-95238b2455ec,0
beb843f2-3dcf-45af-86b0-b1455f1f12a0,0
7cd4d425-4467-4d49-a51b-77c7fa3ace09,1
937b7671-0a9c-4412-ab2e-f81da097ab36,0
b04f0c39-1941-4c37-8b7f-603bec9e2b11,0
ee46b2d1-207b-4f96-9d48-281b4c238502,0
80645186-347a-4d54-892f-0493677dc77f,0
0b2f6aac-49da-4c0a-a55e-801b699ad2a5,0
db2a7cee-e73b-49f6-b4cf-03e267f3a975,0
bc7bec8d-a3e4-4485-a4a4-f1c3d84c3420,0
5e4eb554-17bb-48d3-b001-35e29116f89f,0
10ccfac2-d9b9-4099-9ddd-650dc5f95f7c,0
0fa31f3b-65a8-48c9-b606-8eed5df253f5,0
e94301b9-20a3-445c-aa6e-3686811d7175,0
78cffecc-b0b3-4454-a064-168a36ea9412,0
1203e34f-e6e8-4079-8b2a-9fd07bba392a,0
015d41f5-347f-4fd3-95d7-85831140e508,0
705aac8f-f800-42c3-a9c1-c3a2a9b03084,0
9201fd81-ce6e-47e3-a08e-a7ba35bdec2b,0
92cd95c4-8b67-4052-a84b-3bd46c952b65,0
65d4ef4f-0ed9-408b-b400-0c19eb1ea831,0
d638ae05-f7d7-4d21-b686-2fbec5e04dab,0
5a0f57d4-2194-47be-b30b-f25252257b4b,0
b7da26f7-5bd0-41c4-9a67-73638107a9aa,0
3b1b71d5-2436-4cf4-bbca-cdc08e3f1d4d,0
2f1153c9-b4ac-4ab5-9314-6ed73f8412b0,0
6e0d1f08-d2a1-415a-bdf2-551c51eb598d,1
2071344e-abd8-41c6-b278-98498fb0691a,0
f925c6c6-82db-45d9-809d-2e19f3f4f58c,0
6256a96e-6aff-4769-a080-f4d523e717bc,0
daf71d02-3d12-4089-9209-bcca80329761,0
fb1e45e6-5703-4575-bff0-d407228c4887,1
990e83cd-3f90-4dba-bedd-13d3136cad86,0
68651670-85af-4575-aa42-3b75bc5b596b,0
169cc233-4a07-403e-923d-71495c99a3e0,1
9ecf5f66-4ab7-4a55-94cc-8eb4ee097ca0,0
3087dfc0-b4e4-4cd0-8963-a34a1d7c768b,0
8e1b108a-3e26-4bcb-af74-2cecbf0ce9b1,0
9e548e35-5b8a-4c65-a71e-cca60237a6eb,0
e25186f5-a421-4fd3-9c3f-474b753faf3b,0
141a50fb-d92e-42e1-a631-7841922e8e65,0
b95957fb-5485-42c8-afd6-aeab442acf02,0
c1e02f58-6ab4-4191-92e6-8599965590cb,0
7023b625-a44f-43e0-9aff-5e248df608d6,0
cd492c4f-fc79-46d9-96a7-62b3dee6792d,0
eaae122c-f948-47d7-b947-4d0bd2797287,0
24fba196-df62-42e6-820a-5d2fc2f87fa9,1
ddc815b2-14f3-4fda-a195-ba7efda5b8ed,0
57c5779e-f8f5-4096-81ed-321abcc375c2,0
f3028ed6-cbb8-4ca2-80f4-fd20ef8d03f8,1
76b6c3ee-5a68-4046-a69e-64381fe42151,0
bdcfb066-c5cd-4288-a46b-85da77dbfe92,0
3ca41196-20ac-4179-8807-062f3b65f7cb,0
ed0595af-ffc2-4945-b398-99bbd7091eef,1
6b354995-82e6-4448-9f5d-795f616c37e1,1
b8eb63f6-e61a-4ee5-b4d6-c233a0c8fca9,0
e266ef80-44de-4188-a6db-aefa13641977,0
63f659f3-9a1a-4e7b-9140-5bbd5a940e4c,0
d0e6bfbc-1031-4f70-9682-be51f3589aff,0
33c7d192-319c-4b76-ab88-5ab064c418a8,0
5e2e28fc-f5a9-442a-9e85-0b3eadf51f37,0
e114ac17-d100-4d48-9594-653d7d71dac9,0
2588d14e-d577-47e8-a33c-ddac796dcd37,1
85f8d289-81ca-464d-8fe9-8c90a0fcb537,0
d3c5d135-9dde-4a1f-8362-6df8727edc05,0
a1e2790d-89da-4761-a6d9-9a0f0bf978b0,0
2aa74258-a4f0-4970-93ef-5e18bdaafa14,0
58cb0be6-a056-4548-8781-2e58bf8ad510,0
2c839a80-4cc4-42f6-90f7-69d005df65c2,0
0cf211eb-1316-4dd5-a689-d2a658b6c9c8,0
03076b31-791c-4a26-aa46-ecc7e9c4b367,1
99c8ee74-0a70-46ce-a161-73727434ea07,0
03ecf716-fba8-4cb9-aa3d-337a8e439690,0
be4014b1-b98f-4df7-b24b-c26a781bfca7,0
519c5e8c-081e-4081-a625-05efa70e1e3c,0
2aa51f8d-298a-4637-b27e-205136118a5b,0
0407f16d-8934-442c-9c94-d1d3f36a8c14,1
d397886a-267d-4925-8233-354b03784b7e,0
259d9322-48fb-4780-b4d3-a791608f0da1,1
24ab2263-1db9-405f-8386-6940f4dbb0aa,0
fc59e69a-a8f6-4952-805c-39321055af80,0
10fd67d9-2f16-4e8e-81ec-861fb1033de4,0
d4feeefb-d21a-4fcc-92c8-09255bad964e,0
bbde8ea5-36c4-4756-82bb-5857442dc1f8,0
64aef3c3-f6e9-4c76-9011-5631088bf3b2,0
6618becf-5a79-48d0-bb61-153c89abe6e0,1
66e3d5b7-9529-4da8-9e3a-f8b74f902a90,1
680a948a-3fb6-4ac3-8446-922014d34410,0
ab870e72-9890-43b8-91d5-d4882a01c048,0
63f1af59-01c1-437c-92c3-9d79ab627f85,1
610e8d76-6658-4d5c-9698-adfcfd3dcf87,0
f9c467e7-c933-44ca-8a6c-351a1057c07a,0
0a350d5f-727a-4ec3-88d4-7ab125843a15,0
575fd9c9-11a3-4fd7-9752-110e44f01e00,0
0f2219ca-4457-4f4e-af21-274f9781ceeb,0
61ad4374-8d68-4e7f-90f1-a773e85d90e9,0
15520f4e-01ea-438b-bd5f-3fef4f4752e5,0
8067b65d-a620-496d-9d28-39a7dbc6e947,0
390f70e5-4f4e-4388-8a1b-79c85f3b27b9,0
144292e9-3465-46b8-8364-0a822fc76ce3,0
9f19ffcf-1a0a-4fbb-8c59-3d4149ab80bd,0
82e9884e-7074-48f0-a6c3-8a315794c045,0
1496d0ad-7c8b-40bf-9b63-e8348ba315e9,0
3ea14e49-723a-49c1-ae61-a9b9c1fe34c8,1
6d2ffb77-d360-40e5-a743-624fb95242f1,1
f0c02308-815a-4814-9ef6-7d5ccdeb6e92,0
e679a3f3-e574-4113-9414-4049506fe91b,0
9a31b95c-7397-468a-823e-40472f614579,0
607336d7-02b6-4eb8-a046-100b31c7d459,0
8dba87ca-0a50-4b08-a2cb-890efd50c994,0
52693763-e52d-47c1-ae01-bb347bf886ac,1
2773d55b-8f0f-40e8-a991-66ec690f07bb,0
f34a9483-9daf-415b-99d1-77ff4bbbcf53,0
7a9d2b01-3d41-4423-bc18-b50243e3c563,0
6bf51f93-54b7-4b99-8031-cbe51ad85d9a,0
5f76dca4-5e0b-43a9-b8e2-60bf3b0c356e,0
195ad56d-9bb4-4e5d-9964-7a45542173b3,0
a03c4df5-27a1-4b44-9f9d-5334664403d0,0
8e5b7179-c2d1-4d0e-a2be-22a7e650806c,0
101c787b-800a-44bf-96b1-7b4e7ff4c045,0
c088da8b-7879-4078-8e40-3bf97f83c29d,0
6262b9cd-7301-4fa6-9ed8-f164f25696e6,0
8de54db1-7269-4a4c-8acf-4e70116e379c,1
b993490e-5a44-44d8-8e0c-41b5f7499f09,0
1a01cae1-c79e-4e3c-a659-a43b3f55d404,0
0fd16a63-bc3e-47dc-a5fe-108190aa6141,0
f56749f0-aa0b-4be4-9619-cac977d2284d,0
3ecca859-e9fb-4b05-a8b9-b9dea15700e3,0
a15a4208-d064-4ec0-84d0-e540201a9341,1
7381d583-bcef-49a4-b2ad-56206811b2f9,1
062e725a-b906-4afb-9aad-07dbb159d837,0
411f2973-3c09-4d0a-9016-717685dd9cca,0
aad5a2c1-3f6d-4fbe-a1a7-f7cb1231dfd1,0
1eace220-98af-4b32-b69b-aecb9b596cac,0
3412519f-20e3-4280-85d5-76dd0ad66615,0
8a8e218d-908d-4e16-87d6-355d8dd626fd,0
13d6db09-a017-4e04-962f-70aa1b12f68e,1
41d8311d-85da-4a5f-aedc-6a2de66d7dd7,0
0d9e9b3f-20fa-4b93-ba53-0928b0fd4abc,0
fe733fc9-151d-4d07-8cd0-11e181eae9c7,0
1363df7d-0f12-46f1-9d65-cbfc02e512d1,1
5e5d4e59-e002-4354-8c07-d725b1fbbe84,0
f2427202-7363-4faf-9155-a88c4d27e537,0
3940cbc3-5a7d-40a7-b145-5eb48bb4ac39,0
08e495a5-6de8-4130-a414-88a77885d9e8,0
04ea2365-700c-40b4-abf2-9a7dc8a633a4,0
2eab2053-235c-47a6-873f-8a23fabc4f51,0
f768267b-e87e-4741-8b42-72bf676f02db,0
2b9a5aeb-b521-49ff-bdb8-5b2507eca0dd,0
26c3aa2f-5c69-4f21-b131-8190e8aa58fa,0
789efd64-eae1-4697-80e4-d04b5940c1f4,0
d867036d-9b02-4aed-a954-04f1c584ff4c,0
918ebf3f-7e34-482e-a6b8-c43fc1a659fc,0
0d7ef111-5080-4e99-a50f-b0b8d08be854,1
a78b1521-7794-4cd6-9226-2319da44a1ed,0
734e364a-d9f9-4046-b6a4-2f11210bf61f,1
14a8936f-13eb-4e92-996e-4e8ed341977b,0
32b34c74-1dc7-43f0-970f-6a2bf7002461,0
4a9e4be3-fb01-4055-980d-fec969f88b6c,1
6000bba6-c992-4483-8b19-c23c6349180c,0
41f37626-6c34-453e-ac4e-3b91839841cd,0
1e3e8218-b0d8-4300-9110-0e0e3a9a93b2,0
de5f8125-a5a3-4778-b4e6-b2e8284dee4b,0
4f134e54-d2b6-476b-b484-54cc1ebd3872,0
2af72456-2f65-47e2-bcaa-20f5d181749d,0
65d56dda-3e36-4b5f-b12b-74e3b6afee7b,0
08575925-10b9-4405-94f2-d0e7a4797a59,0
ac296d5a-8609-4a7d-87c7-47dcfa7aa67b,0
fa7598dc-22a5-4c79-a611-080b2cbc3fcd,0
a5ccc44c-b797-4309-b5f6-68dd50b70f09,0
6a8c9a47-77a5-4881-a1fc-5bf50996ea3d,0
ca3d48e3-b2e4-4004-a365-ddd5e636205a,0
24e83c06-74cb-4a83-98db-5af200592d11,0
d733c404-eed9-4f9e-9dbf-8309784b712e,0
36e6514a-e3f0-492b-b88d-190910f4db87,1
4422a76b-7e79-4eb0-8871-0cecba6cfb42,0
495de785-ca1e-4aa5-9def-2cd73215adc0,0
5ea48e46-b358-4af3-b400-c304c71b1fbd,1
d47f0ebe-3273-4b62-b649-e2b4c200e131,0
2837332a-97b9-432c-9ef9-10b7047754b3,0
597ec695-6bd9-4027-b1bf-b0b64c371695,0
d0d3865d-5c88-4820-9cc1-337960b26bdd,1
d51011eb-e5d7-486a-9e50-342e66bd4639,1
647b8377-1b7f-4e30-b52b-cf007ff71085,0
414416a1-11fd-4d5b-8432-a95725dba163,0
76935532-0fc1-4b6f-bb9d-7aa3ee31de9c,1
0e96d183-6817-41bb-9eae-7633a72a6a9a,0
22485a9f-da96-4878-b6c8-8718a16c362b,0
a71c311a-ac02-40b3-a424-cda50944328b,0
377d8f76-0f97-4a8f-9992-710ef202a80f,0
cafadf4b-0f55-446a-909f-24c07d02146a,0
80c17d04-3465-46c1-a21f-9e24f4735213,0
2ff896d7-f65f-4b7b-ba3a-c9eaee446d4d,0
1215cd34-1dea-4c82-8500-9867582841b2,1
87533b31-5ef7-4ff6-b5ed-96547388e0d3,0
83b11b50-0719-417e-972d-d6a48914af4f,0
218bbe55-eac0-43ed-a856-0d26e549cf7f,1
e7b57fed-455c-419d-a534-1e31e3df8245,0
74a7fa19-cac6-457f-90bc-ec0486a19a5e,0
8520b464-9f3b-423f-a574-c6be3e1260c1,0
1d3a9606-bfe2-48de-877c-95d94ed82025,0
c458963f-43ad-48c3-9ff7-0a26009e63c9,1
1286de5c-1949-4e8d-bfb5-a090e229e72f,0
945861ac-c91a-4916-ae93-579125281c7e,0
434db71d-b36b-4eb0-807c-96d9f03c7982,0
873370d5-7251-4444-a910-8d0060ce743c,0
151dbae7-5975-422e-a9aa-e42516716794,0
7cfb34cd-087d-4c91-9b18-00788a61282d,0
8990672a-bca9-406e-a82a-74e97532b38d,0
9d837f76-2d2b-4c40-97eb-9586243782ba,0
020039fd-816a-4948-8fba-09904f8baee7,0
36deafd1-bd46-413a-9edf-d06b0c9c1a2f,1
ee52dd68-eefb-4ae7-bc7d-b97a4d68c1e0,0
77ad5dfa-257a-40f6-9973-d472754c7597,1
bba33886-fd9c-435d-bdc8-4ef7a7554c34,0
e02a2be5-8269-487f-9dd7-5ea3fe18b41e,1
02afea42-18e0-42b2-b628-df1641b1f47e,1
32e4d619-d4ff-4603-b509-410183114827,0
16f37058-aec1-4431-b7fd-c68256f9bd4d,0
6d154876-f922-45b8-873d-0ea04b565e97,0
916af4c4-375d-4e98-9b89-b74ba12fe385,0
fc0d28f1-4c0f-4f02-ba09-34d2d88b8bef,0
0591b756-57f5-497b-a8e4-6b59b0f8a082,0
4b95ae87-c27d-4a13-8267-45cab0aa3bba,0
64a920fa-f8fd-4f42-9eb2-65f24eb9744b,0
d38a34f2-ffdb-40de-b286-7489c458b5df,0
b25a40a5-fe78-4a8b-9c3e-afb773cfb1eb,0
5b8f1756-ff8e-4eaa-a5fb-418b29ff14b4,0
a8de4263-3b60-4805-abba-42d93c447947,0
35495184-8245-4c3b-8fda-a05208594d72,0
8a86c90a-daeb-4cdf-9395-64ea5e943fb4,0
1a159f07-290b-424b-a610-dcc4f17fb2cd,0
4c4727c0-056a-4da3-b104-fcce60643e02,0
6a82a591-c7e4-4864-bc24-294d56933e85,1
791a6fc8-2de3-42b9-b238-f58b3790847c,0
20a7c692-3edc-41bd-bf67-dca7f2fcd3c9,1
0789b144-d3c2-4914-93ad-af77e3238ba5,0
97fd80cf-07fe-4e81-a19f-62e53b887da1,0
7c752cca-5311-4f00-86db-d08297f78d69,0
0a59fa43-692c-4244-bbd5-6b902e39f44b,0
2963b70e-bb79-4452-aadd-f61d7d07cdae,0
ab8b1b11-f116-44b4-a44e-eb1a8b3fbae4,1
0385bee1-cb1c-4e65-aa82-6f2b19800c94,0
17d20100-939a-4046-9cdf-11e881a7534b,0
fa6cad44-6736-4dee-86c0-073e3ce4f138,0
3831b443-2c29-4770-82b6-0bd6d461ebe7,1
ed547e51-2456-4d7d-bdfa-edbcd07d0f87,0
bfd65268-ccff-4ec5-8ea4-1f9e468340bc,1
3b807775-5e50-4091-8165-6eb218e5b2d9,0
0c3278a8-4f75-4599-8492-d4554f69f82d,0
82ee80e0-ddae-4e5c-8e26-af025dcd35c2,0
b0717289-4922-43bc-ba7d-82381282feaa,0
981c7dd0-30a7-4f12-9917-042f9af05bea,0
46520be0-f8b4-4241-9c0f-e349af778510,1
4e31189c-0818-4b7a-b2eb-9ee1df339677,0
3f2dce68-4b46-4423-9a43-c60a685a546a,0
cd481283-97df-467e-b176-3b763c8abaa1,0
edae7b68-b2ce-4e58-90db-d80dfd181e76,1
f0c99ec9-b57e-4404-b8d9-ac1677c6444c,0
9229e021-6566-4cf9-988e-fb4aa4f51e16,0
2bf68b8f-dc8f-4b5d-b84a-9d319e0a2d2a,0
62f2694d-09f7-4540-ac1b-9433391c08d4,1
35b6959b-aea7-4ecd-90f5-b1320bedd581,0
a1ce6e12-9fff-4e32-a682-0948f276f34a,0
c321c746-1093-4175-869e-37de62da0763,0
521e21ee-108a-4c66-8932-5822e0b528cd,0
f74fe871-b659-4fc7-a84e-02c9b276cba8,0
7952fbbb-80b3-47d0-85db-e07779cf2d02,0
e5e419b4-2ab1-44fb-bd8c-8c8ea5260e63,0
04ff3ae7-8d41-4c7c-a1a2-2a2baac50f75,1
173bece5-d968-4678-93a0-cf75982c3551,0
02ab87e9-7a4b-4606-81e4-c5e1dff1899d,0
249be286-17ed-4643-b1a3-744e92c20317,0
23cdd656-2102-441a-a6a0-2fa75ed7d2d4,0
e63ce178-34b6-4faa-8190-b353fc97619f,0
59ef3267-7075-46e0-9331-52f203aa12f8,1
ae571b04-18c0-47f2-8a56-6d7c296db6a8,0
3320a4df-5602-4927-8397-b4554b5b70b4,0
10e7d19d-3439-415c-931f-4dd6d61611b6,1
493873ed-6e14-4e81-ab77-8587944a4d5a,1
fb5da95c-8b7f-45df-b862-0ebf59271eec,0
a60aefa0-10ef-4da2-88a7-f9b25b65ac99,1
8a7a9afc-779a-4245-9083-c64fe52008ad,0
15d25924-97b1-4558-889e-2d8abb691060,1
a0a2d19b-c324-469b-a095-68f4f4bf62fa,0
b57e1f0d-df10-40bb-b009-cf95076fc77f,0
67722cb1-ddac-417e-96ea-9bf95dde2555,0
fc95a49e-9bf0-4e5f-b482-b37216aedd1a,0
d9be3437-8b83-486c-a99e-ff4bfe59bacb,0
c569d0eb-37d7-4e35-880f-2c7e73477613,0
ad48a47f-a8db-4ea6-8f43-fd5cda2c1812,0
afd03180-42a6-49ea-a92c-f8f5c3529c64,0
ecac6f3a-cba9-4157-a5c7-6b0246b0ab14,0
8941ae22-4c09-4f63-bb56-c4510f5beadd,0
47b3e957-66fb-44b5-b48c-47635bdd7fdf,0
457dcb62-91dc-4158-a857-31981e8f2ee8,0
3008199e-fb48-428d-ba1f-1db9674f80a2,0
994db4e6-bc41-4c03-8ff4-895a2c7e6b14,0
0c3524e8-d010-4892-b893-fc98ae3e3aad,0
a96552cc-c148-4827-af3b-be495d03fec8,0
94b7d126-6dcf-4745-8f6f-0896f74f90f2,1
eb1347ee-b192-4c39-8a0c-b0e1aad55545,0
1ec935e2-2631-4d73-8b58-7bf2de4d2960,0
3a7ef3ea-316c-4a8c-b501-72ec0475c044,0
1a062242-0590-4a97-924f-b692c5601aaa,0
6cefab2e-3fac-4623-a8c4-dbbeb6644262,0
c34c0404-af78-4529-8f55-b18ecf7130d2,0
7d1fe83d-a4cb-42c0-a922-df612e40ee20,1
5b83aa0a-41a8-4b8d-8ca2-99b1215d7e3f,0
2ba76e29-36dc-4e70-bb67-cbed07d723e1,1
f3ebe0dd-1d15-4dfb-a6f1-280554b798ba,0
96e75f65-9040-4c00-b6b7-af25e1aab880,0
054f5a92-1dea-4192-b1a0-f84139169286,0
43a5217f-37db-410f-84e5-796aa80bf059,0
d1581d5d-3281-4322-a3b9-67803aa4fdd7,0
4d8fc80d-ebce-4e52-8a20-0dbea6d4f4f7,1
6a23b883-89c9-471b-b8e4-811795c52409,0
80ddb8f6-0ce3-4a50-97d5-a993f0176427,0
52ae2151-6e9c-4a64-a1dc-d3b3b297b15c,1
18f2efb2-64ba-443c-92ed-031ebcd35947,0
b8e3c961-3fa0-4d26-b0c0-c1a0833a9fc2,0
b23a61b7-940f-452f-9e91-f2e196453fd7,0
cf302e31-45ca-42fd-9b42-e8d875f62c8b,0
2e0d737f-1669-4ad8-8ec2-71e1e4c0bb7f,0
78f9fcb0-e3b8-42e7-949a-f619ce028fec,0
a652e7a3-f8bc-4252-b0d4-a3232197defe,0
6efd771d-d4e2-4d7b-88d3-9432605b41b7,0
91347cd1-7185-491e-a3b2-97b59ce410b7,1
ad42b18b-63d3-424c-9213-da6cd3c263ed,0
29584b3e-a7d0-4a45-8c98-981bc11de5c9,0
060a3d72-35e6-478f-a1d1-12e602291813,1
8a55dc04-0122-44a8-9941-388a27464e83,0
aaf27ee9-9d23-4e92-9337-676d5b69ef25,0
423f83d5-6035-4ad8-9888-d0940f027a04,0
57398b05-9866-4a65-8588-1299eed91fb5,0
a1f76cd6-7a7d-4ec6-aedc-8b584a8a823b,0
180167b5-e921-43e8-b0b3-6584131ef03a,0
83c3d27b-9592-49db-8fb5-f58e37a257e4,0
c24f2051-a616-4f79-a7ad-ee7956e0354a,0
efbc7e7a-cf92-46bd-8817-f848213d60d7,1
ef95601d-dc17-46fc-89b9-9a6ca0bf2c23,0
9a0ea216-dfa3-4f09-8fe5-d14558b87506,0
c026dcf1-7e13-465f-9012-805b0d93d45a,0
31900b63-30f2-4c70-b06b-15945c5c9828,1
296aee57-fb21-400d-b020-3acea8157c5f,0
2cd9c409-3800-4692-8e6b-7110a79b4ec6,0
e04e4315-8e50-47d0-975d-a860632d8c4b,0
0a2ee2dd-020c-4326-910b-f49d1acdaad9,1
7f1350f3-337b-412b-9594-f1a9260324f0,1
59c6b8a3-0727-44bc-87f7-05340587b30b,0
8cb072b5-184d-44a4-a827-17aa73b87c90,0
f8ab702d-6f14-4fd3-9593-96abf6710c5e,0
eff7f811-6836-4cc9-bc1e-e7ed33a27160,0
e8902108-79b8-40db-acf4-0f4fa8ec9901,0
9c6ca5a4-fa75-4810-84c6-180a2a89fe8d,0
c48619ee-7640-4a6b-b027-9077c748f100,1
68a693f6-0c16-4c2f-8900-de45a552b8f9,0
3fbb6068-1fea-4623-bb30-5dcc596061bb,0
f43c0da0-ff9d-49b9-953a-ff2f3af184a8,1
e604e6d5-ef28-4477-96ec-dceb834edb72,0
f5fafce9-7fd7-4dd1-8efd-20204099c4a4,1
515b15d5-75e6-48ed-91fa-28abc61cad56,0
226d0f53-710e-4c3c-92da-4be94cf0ea32,0
67411088-4519-4d1e-8432-ec35f6eb68ed,0
c41d874e-fc95-4fb3-84a7-e1e6a3336d30,1
0e4d92f2-24ad-4e00-9c9c-1bc5c2c1d3d8,0
d23854f0-2655-4ec3-868d-27164c28369c,1
70f161cd-8468-4a40-b277-bde09017bbd8,0
c59d4d2a-c073-4c17-b359-41568902e528,0
6b4e1ee9-3604-4b5d-b88b-84365522585d,0
790b88b0-d409-4871-a64f-13a9cd4ea6b8,0
c68629a1-15b4-4d5f-aed1-3b05d2c1dfbf,0
b4ee72a9-4c60-4581-b4a5-60d16c72cf51,0
721d8ceb-639f-4513-9efc-9ed84084a207,0
6a83f61c-190c-4170-89d7-a5194e121a67,0
f449a14b-095d-41a5-ae1a-dde88e2c1b31,0
131b31c5-cdd8-418f-bdbf-2e79c5029c6c,1
13182d39-57e2-4cfc-ba34-192993e15c35,1
9a4621e1-d7d9-404c-bcd3-e91c1b1a0149,0
1c617d46-82f6-464c-bcb5-bc289e713ca3,0
1e354826-3d4c-4470-a7fb-393b905f3875,0
e355aa06-d90b-4729-ad0e-77fba1f172cb,0
b1a7a5e3-28aa-4447-8b99-cb6d2b673ed4,0
3396db73-fc47-429d-98ae-cab68f7a2013,0
837acaf7-b707-40c1-9c94-539cd084c35a,0
16f285c0-214b-4eca-8d52-c0af82ff0f11,0
053eace4-b50d-4332-8d18-3ab4151896c3,1
738e3659-da64-4e0a-9a66-7fdebad44303,1
39be6151-3532-493a-941f-4bd3ed3088b9,0
3284e8ce-5dc3-4b9f-9f7a-b7e21657a05d,0
b94febf0-79c2-4f9e-8429-36181ac7b169,0
bca7331e-1edf-4aab-8eb6-8a9b8079eee9,0
96c69eab-b0ca-46d4-814c-4173d2441f6b,0
fc217791-0e06-46cb-8fa7-f2fc63afe051,0
9ddca372-a3ac-4dad-b968-8c55a9e0a65c,0
b9c1d00e-6ae8-467e-8521-21b12f5bda92,0
d9886633-e170-4322-b754-d7adb3ada0c5,0
15513a0d-772a-4c01-b11d-5416697c12bd,0
ff54791b-79dd-43e1-b256-9a5fa0198c65,0
ee0e781c-574e-4b3c-be24-a2befcbbe008,0
a98850bd-f607-4188-a4a3-efc75fde1f3b,0
64409b40-5341-483c-b23f-27151643f264,0
c524feea-a392-4db1-82ed-1ea3ca6fb71d,0
f69480d5-bd22-4b1f-89fe-311bb33bd481,0
aae5ea1d-a12b-421a-9202-c41e0ca6cde1,0
25543914-a993-489a-b9d3-aa8738f0afef,0
99ad9e55-5ec3-402e-8977-e82d96328521,0
40b1eeea-71d4-43cb-99f0-63d55c1c6b13,0
8c41659f-29e1-4888-ab2b-19795f9ae5b1,0
174495d9-67ef-47db-8c7b-ecd3fc724076,0
700d6fc2-c1bb-4419-8951-30929e68bc14,0
6b82d1ac-8cbd-484f-a6c5-3edb4742428b,0
b862f5a4-9a37-422e-9d44-e7281a3a6903,0
79b35b28-d7fb-4ef9-a32d-c5dfb76f93c0,0
32702ca5-d274-4c3b-846e-e7eb6c0ddc12,0
a349ee76-0730-4a7e-8998-21da5ac8f197,1
c5a85228-ebc0-4276-8c3c-7a12c2366fa0,0
0478494c-9bb6-4078-9a93-109d710f5c09,0
0688ac65-4725-40ac-909a-20712b45a45f,0
423f2bd7-d47d-4f3d-bb43-a2ebe5c634b9,0
92e97105-9b06-421f-af64-99ef7b3bacd7,1
ceb733ed-6c32-42a3-a2e0-0dd2f773eaf8,0
6ab605dc-e6c1-440d-9343-08bf8b8b3d45,0
8d3d4c43-3a65-48ec-b707-eb47581d4dc6,0
676b3b7f-7768-40f8-a5b5-43c5c587bdaf,0
0a8ff076-75e4-4c4b-abb4-afdff43f5d34,1
cacbf04b-b31c-4a28-8d8a-5426c4af8415,0
c38148c7-36ce-47e1-862c-ac3eeb5aada7,0
9d0a9a8b-6770-4604-96fc-8754258bfee4,0
c36e18d9-af12-4e0b-8c07-bbe723f054eb,1
4e29ee11-b0e9-4ace-8b03-44d82f7608c3,0
f936039c-9cd0-4e6b-8162-f3f55bd3355d,0
22ff3ffa-3302-4ae0-9972-6cf127e72d30,1
08c8b6e6-67ef-4663-89ea-f8c7ed93df61,0
28236f08-6b9d-4521-af99-ccf1a23d9767,0
7562a78f-6678-4590-b4ff-6b9767fb7098,0
b919109b-c779-4653-8309-26c41c56bd65,0
ba2e514d-dcf5-41eb-bbae-84c9d30df3f8,0
5a8a2e8c-863f-4602-a08f-0f56bec7d42c,1
4452e939-7ac6-4ef1-b017-c6aea31a93a4,1
b855a30c-e853-42e1-8af5-5a7b60f02cc6,0
34bcd4ec-908c-4048-b8c4-7ae8820c92a3,0
88174ec7-84ce-4efc-a292-bbb51dd3dfba,0
21b446e9-255a-445e-b643-726e96f6f7bf,0
29e8776c-8e01-455a-b7d0-ec4f5213d0bf,1
f91fc7f2-2f05-4721-b51b-7f87084b3d69,0
5711b278-36fc-4755-8241-e5e3dde7b891,0
fde7cec7-9bdc-4d1e-9e1c-aae9037a63da,0
466f0521-b1e0-433a-88dc-be6a286dac68,0
6a95dcc8-afb2-4d34-86f7-c2bb0e9386ac,0
ae660013-52c4-4234-9dfe-dc53d7ee8b41,0
9d26761e-7110-4bd2-b1e8-9ac0953fca86,0
604cadb1-2eb1-415a-a08a-4f35b7fef15f,0
84bba03b-e58e-4402-afd4-4371feaef938,0
23f7cf0d-7fb5-4cad-be84-ca9d8ad49dbe,0
0cf5e5f6-32aa-41a5-9ccd-d00ce116620f,1
a2f9cce3-c285-46a7-885b-00ff8c683605,1
f650dd06-1dee-476d-8375-cf47ec0ea160,0
43c05d3b-378d-4bcf-9aba-ef8dd286bd46,0
afba72db-1cad-4e2c-bdc1-8aa5512bab63,1
be0cecd1-3a8c-4be4-a840-17522d914d0b,0
00318e7b-7959-4a5a-be93-c802ef2bf6db,0
6e137e69-6d5b-4a46-9d2a-208808d0236e,0
617993ab-0081-4756-a9ac-33c6e2afb644,1
efe20627-3b1d-4d59-a37c-6810720f266b,0
4d23eb0b-739a-42a5-9a7c-03e631976391,0
cfa7a367-9ae6-44a4-9d29-69dacd1e1ce6,0
50b32d70-90eb-463d-8c81-659e411f2821,0
ce6c6ddf-0e7f-4f3e-80b7-f5bff8804ebb,0
e783b074-57e6-4e37-b68f-1f81d84e136a,0
7caf687f-f3e2-46b6-b54c-62fa9b961bfa,1
3c042018-ca06-4f82-8848-f9b113aefe0d,0
1ea25055-16e5-4c0d-8bba-625cbdd1d4f3,0
d8355728-9493-4594-8532-d9649273e6a7,0
bf32d588-fae1-41ed-bbf3-1e3b4facb312,0
70940da4-474e-4258-a7a1-362a0763ea8a,0
0eb802c8-f21d-4423-a90a-3ef59111b385,0
d0b2a530-9732-4a78-b829-2481818b1538,0
abc25824-c1b4-4df4-a1a7-e4312e4755b3,0
697b46d7-c208-41c0-a0f2-5258bc24e9c4,0
6698789b-0229-4319-bbb4-7cc3ba363ce2,0
ca3017d1-0c8e-4592-abae-d36f0b9415aa,0
85faace1-72c0-4fa3-9b14-9eed743fb2dd,0
f72145dc-f01d-489b-bb33-b0cdb6a7ba05,1
d7ebed2f-33dd-41fc-a0ba-43ab06f9c899,0
5ddb3674-17e2-4cfc-9562-a9d8bad75064,1
feb7f6db-9f8e-4356-9938-486d43a081e6,0
0d705c37-0c01-4d4f-a380-5628eb9aee6a,1
4a04a25a-45ce-43db-ae38-f9722de00625,0
b11de8c5-8368-4c90-b830-aaac6dd414f8,0
614ddd18-3936-432c-87a4-1ae522e7f0f1,0
1530ae7f-45bf-45c6-858c-f5849db83af5,0
a28074c1-aadb-4880-9d83-1032a0db2545,0
dd62da59-306c-49fa-8558-3c9e33d94163,1
cf62d840-8160-46da-8679-7b91e7b782ea,0
0b883e7e-07f0-4b27-ba65-827dfc44acd0,0
bfa0e2e7-c709-40a3-b06e-55fa08bd0961,0
97e48c71-fa30-4165-9aad-790228214e1e,0
304d6a28-b298-4acb-a890-a112b16d2677,0
a01d9290-07de-4fa0-be7e-a46f0d4e7ba1,0
d991d679-f116-4c22-9060-9cdca4568b87,1
7cc7aab9-ce9f-4d20-a7c3-95d54e0d5bbc,0
4c477121-da89-467d-ad91-087c55e9ffc3,0
a2552051-df70-41bf-b968-a5b97072b3cc,0
e80f8fb2-e59e-4cd8-a860-eeda95b17a8f,0
ecdd7740-f7a8-4d78-b6f6-2a0354e7fd12,0
1ca6ff9c-2c5f-4c44-837a-78cb9c9989cd,0
e2be7208-2001-43ff-8149-4dbb4d64aeec,0
030df2dc-2aa1-4973-91bd-18b5b1a6e4d7,0
9484a01c-9ec5-49e6-b4b9-9c9189ba2c25,0
c8745ee0-8e08-4ad8-b214-7b4f30c83e35,0
572596e7-e959-4518-9d91-a03e8da5348b,1
d2b564ac-a2ba-47e2-9e81-053f337922ea,0
bb06c085-a15a-47f9-8b40-de99e54c8b62,0
3e41f50a-40bd-4210-8acb-e68075665dca,0
4164a9f1-1c6d-4617-a17e-9e4f0c3f0f1b,0
1405dc01-278f-49b7-a7d1-1ce923b543da,0
f2e583c0-c1ea-4bee-b5dd-02d2cdb743f5,0
b73d6eda-ee66-4268-8319-9590dccbab80,0
340a78d9-3922-4afb-8037-bf597aa9848a,1
0ee41668-0975-4841-8b49-b8310da8f95f,0
3056f933-a152-4d15-aee0-496055e0456b,0
517fff9f-3341-49f4-b291-a448896ffde1,0
d3fa8e89-d52d-4724-b53a-c80189a7c11d,1
a5e1fe01-19e7-49ed-9ea6-9d041f3f5dea,0
84943744-4fc2-47af-bd2f-088f56b8f5f6,0
0839edcf-c175-46c4-b0b4-2a957a4fe2e2,1
590ffc24-66fc-4dfe-9d22-e79972c82f56,0
359de354-b84f-40d0-b472-eac53223bcf2,1
143f9adc-5e15-4c37-ad3e-cfc33696fec7,0
f289493f-66d7-4636-8332-042b78b558b2,1
48c0484c-75c3-41d9-bbaf-e09404995674,0
bd5f600e-28a8-48bb-9b88-18b671d6c710,0
17075945-0365-4ab9-9872-be3bd9a9277d,0
50299215-8e5a-46f2-bd25-7a2b3d2643e5,0
d67bfebf-aecc-43a3-b640-6791d1c8da18,1
48a8fab3-1b10-49ae-a468-633b5b3bc174,0
148c3b2e-6689-4aa6-9ede-05f9c104828a,0
a7cac2b4-29c9-45a3-9736-da65ba614b5f,1
73b25c9b-1b98-46ee-a83f-b8938fb0a541,0
a041c4f1-68d0-4f62-8d94-69eeea1e8211,0
750e9cfc-a85e-4e88-b14c-58f6dbcba7a8,0
ea8446e0-24d2-4725-aad4-07cc53dc8d26,0
48890b52-123a-49f3-8622-599d5b4ae56d,0
3dee3326-1496-4f9e-a0ce-e736b90c2e07,0
0cb0b3d3-4492-4488-857f-e5a2638f99b2,1
3780f447-e46c-427c-8627-54f4b0dc1954,0
0cbd86b6-0c53-44a2-adc2-6496bd6f674f,0
b2f02d27-22ef-46e2-9326-84569cdd9256,0
8cecdf59-03d5-4542-a0d9-15fb30531905,0
4b922495-f060-4fff-a47a-cd1b4c5a6f97,0
18c79871-e268-4aff-9af2-c39303e446ba,0
1effeb29-5f37-4900-99f8-4c268a2f3716,0
6bc7a421-48b7-4db8-91a1-10af48ded306,0
754f2bf4-1aaf-43dd-ac5a-390612fa32b8,0
5526c495-81df-4862-8e13-c4f2973f6241,1
068dd1c2-90b7-48fb-b3bb-47bf52e5ee2e,0
eddda074-ec8c-4b81-baf1-2d316e561156,0
015fdddb-2672-4254-ba98-bb0ba623c0d1,0
8d33a195-3066-41df-943a-a07a6e1897a9,0
3cff896b-1998-40f6-99d5-cfc708f0c8f2,0
bde44ce2-2111-4b86-a2ba-c1f1c317a3b0,0
5d3c17a3-c074-443d-9a3a-7e250d0debd7,0
5184268c-068a-4449-8e37-ab6acd257450,0
c01c3665-1252-4fe1-88c2-83cd403f098d,0
37f1c6f3-738e-4fef-a08f-4469bea6b7af,0
14090d5d-8e17-4bb1-9fd8-d4164aed7dd8,0
83c3be5c-de5a-458d-8de2-04af60cdaa01,1
cce920c1-6c88-44ab-83b5-60ee1f882e89,1
bc7ff8a1-b981-47d9-bf2e-2ddcfa5c9096,0
5fb8654d-5efc-4102-a596-20db82e51527,1
7c211329-fb68-4cc0-9668-7d52b77cc316,0
a16b0cb7-4778-486a-a45a-e967d9786ea7,0
1b36df3c-09a8-4202-b65d-301023100114,0
54202781-b534-4cef-8acc-43b18fe0da8a,0
78c7f554-86cf-4de3-aae8-552ea27888af,0
8bf5c8a7-89b8-47d0-bcc1-04a00668550d,0
36f86aca-ede1-4946-9997-ad6db41539be,1
1eadcd9b-6078-4dc5-8767-04ac6fe0d009,0
0913389b-6d36-49d1-a64c-a96c39292727,0
a6cd3d9b-2341-423c-b63c-26769c17a90b,0
985cc49b-9d55-45d3-93c0-43b9bbbccdcf,0
8aad647e-e9cc-47e9-974c-e9647d0304d5,0
aa6f89f6-55b9-4a12-ab1e-c0f632674d97,1
20e0a10a-f139-4244-82cf-01f044a2303a,0
335fab97-f81e-4b7b-80ee-d2ec92436048,0
baf77659-5671-4362-be8a-b88a7950feae,0
5bbf489b-b638-44e8-be7f-cbf36cc40e9e,0
0c89d70a-3635-4ead-8f81-2f65b0d763b4,1
c67527aa-2908-417f-b65c-f7f2e5207578,0
fb4188da-6389-4a92-88cd-7f7689a65674,0
345368e7-009d-46ac-956a-29bd8b7428f7,0
1c078c39-ec6b-4bfd-8ddd-dc29ab2eaaf3,0
9c9c16d1-73e6-4a70-a853-68910d879ddc,0
f0a9cd10-3421-4575-9efa-ab4eb6735b6f,1
97d1b439-09fb-4204-9178-7dc6bae69b3c,0
ba2047bc-5d98-44ec-8fe4-ebed6249db5e,1
195e8287-4a84-48d8-8eb6-24a0e9baf27f,0
10edf4e0-19b3-4c4b-9e53-20fcb2a18ee5,1
adbfb126-7571-4597-a13a-073b2d049eaa,0
0f6515af-b5dd-478e-8590-1461fec1a506,1
a734c897-b117-4ac8-8b92-e8d1a83a45ac,0
a56b58a4-6904-4d35-9859-d05f9f24d82b,1
ac22a80c-f3eb-4c30-914f-9ad5dec0efb0,0
78a4f793-52a2-4e18-b6d5-b44f5fb13a8b,1
98feb51b-81fe-4753-869a-de20123031f4,0
bde953b0-0504-4d12-95ab-4ed3e1175d77,0
74fdfacf-9174-4280-ad6e-0703cf09e080,0
090b3efe-2d1f-4368-9fc1-35f2a50dfdd0,0
0f7b93b5-dee7-450d-af9f-71bb80ddc0bb,1
d8315692-6aa4-4aaf-a8ce-4c4b2d41fbb3,1
b1cd3ce8-c51f-467c-8257-3d33859dd281,0
320326fa-dbfc-433b-b75b-5f490c4beb5d,0
96c91cf1-4dc9-477a-bdab-6829fc0653e3,1
dcb076bb-a9d5-433b-bb4f-1ebb15228990,0
028ce5e1-5162-40f7-81d3-54cf523bde14,0
c8f3005f-f914-4991-b5b3-d2fe1630fb97,1
8aa7fa1d-3893-4694-8721-3331938f99d0,0
13053f1b-9b1a-4769-8f1e-e25a9b6f4663,0
8223415c-ce41-4b0b-965c-4501dede0d94,0
74d2b211-ea82-4144-ab90-3a96a2b3c53a,0
e34660f7-6bf4-452d-a24d-820397e56411,0
de873307-455b-436f-96cd-a6c9cb9fe116,0
41fd1f81-aa0c-4c3e-aa8f-3259f67733db,0
4fa15764-ad8d-4b03-b3eb-3b29192a14ea,0
84da8ab0-ac35-49ed-afa0-5899c8ab23c8,0
0b917fbb-96ff-4a33-9189-67a4a0eafa5d,0
c322b9dd-a96a-420e-886f-451468d34d40,0
31926451-c917-43cd-b276-fae3a10db53b,0
3b954d5e-c847-4e3b-a5bb-f3f22e86cf3f,0
40060d22-e208-494d-a1b1-c60778d54bc5,0
6a7a8311-d08f-4219-af40-35ed60963a53,0
710177c4-d468-41de-87ac-79e7ee5a2f83,0
9ca812c0-3dd5-4a5a-a505-649f28f143d8,0
c351771a-5325-4de1-831b-afcf8836ddc0,0
8506f8ae-d915-4577-9300-5d3769f73240,0
f96be814-0dd8-44af-9857-896eb0c4a5a0,0
a203abf0-4b8f-4caf-8493-c650713bc6e3,1
a01b5da4-6c19-4036-8538-74f1a82728c0,0
49d22828-9a47-4da5-81ac-5cab8fd4a37d,0
92b6b298-88a4-406e-89d2-cd9d2f32683a,0
b72009e3-61b4-4663-b49a-e2530b5823bf,1
c03741db-c315-4db8-ba7e-4168aaee04a4,0
70024847-95fa-4eb9-ac94-5dae9d46cff8,0
91d28b06-fd25-4736-a06a-9cf961ef7220,1
1ab1a9f1-3cc3-4a0a-aa14-61b93bff4a46,0
d0acda4d-b37d-4ea7-ac90-804890a1cbd6,0
bd466503-0c83-43f0-a670-ef47f351149e,0
6a2cd976-036c-41b2-845d-844b4561fa86,1
f252b90d-2664-4f25-bef2-7c4af74dee7d,0
57a69ea1-69e4-4e5c-bbb2-d048b506918e,0
533666fc-130e-4bce-9e29-256a1ac45860,0
f8aaf93a-85b6-44d0-9cf3-86147f0fa93f,0
fb60b1dd-3047-47a9-ad2b-cb9634145a07,0
58937bb1-bdbd-4e91-87d4-9e2760f5a254,0
02727077-9a07-4bbe-a501-14a3515e1dbc,0
cc9ec2d2-f839-4dea-a0fe-503161a3c6ff,1
22bae785-e1be-4fe3-9b25-d4d3a91aa182,0
09a53fb8-b352-4477-8bc0-c1020dd51bbf,0
9058ba2d-77d7-4a61-9577-8ed20da8379f,1
9cc9f358-19a6-4059-96db-2806e606b7ff,0
866a6f44-dc5a-4e20-85fe-e93f4a190798,1
bbdb1938-e93b-4dd6-a6fe-7fe0d53be4c6,0
88e61830-3b4e-4a4e-b7ea-022ffcb691eb,0
41964c96-32bc-4dba-8681-02cb8865b081,0
ca96a61b-881f-407a-bcee-860cd90a163a,0
5f418009-accc-467a-b528-6aef4a36bf37,0
be8bc16e-0248-440d-ba80-40340f9c48de,0
6798b71f-57d2-44d5-954e-51d28877f4c2,0
d511c6d9-f440-4a8f-b05c-05dd23eb0875,0
e5589af9-4ab6-4dc2-8367-a91e0b968c97,0
3c7842c5-8730-4b51-801c-89188acc3072,0
2c4c5811-3075-479d-b4b6-dbbb652533d2,0
59f2c08f-2f03-4683-bccf-95269d4d26f4,0
ab746e6e-4153-49c7-99e5-997143c0b39b,0
9f1ff0a2-a455-4a1d-83c1-fe9dc0b6af21,1
4131afd1-1f3a-4a27-95b7-18783bd19fda,0
269baf0e-f89f-4d04-a9af-01fc9b93fd3f,0
41f06e12-8fb8-4db1-8ee9-297aa922cccf,0
69e1f8d2-5558-48d9-9b4e-0f4352cf3fbd,1
35fb583e-bd6a-4fa4-8ae3-d34e48897a54,0
8a2c0193-3892-4b14-b073-f9aa163e6dd9,0
d565fead-0ce6-4061-9ed8-7fdebde53916,0
37ddb29f-e8cf-4834-9b32-11984c01281d,0
bd5113c0-0742-4eed-89ce-0e09bada2d2a,0
9494ccdc-2229-4233-919b-e65810414547,1
94ca6bd3-3327-4a0b-a6d2-1765164c110f,0
d8730e9d-a2dc-4f0d-a44d-eabafd97c1aa,0
790e8db7-a093-4b89-a2fa-106051e956b8,0
f8991b18-2693-428a-a888-6dba32b74930,1
d578d3a5-2b67-46f9-bf56-6bd6a47c9218,0
481346a4-926e-4db2-ade5-cc09737c9f65,0
934d54f4-5b92-448b-898e-33a97bbc4b40,0
6afb76fd-f183-436a-82d9-1d4298cd1ffd,0
364dfc4e-64bc-445b-b952-1fc8899f429f,1
491f6942-7cf3-4d59-a6ed-524ca58a380b,0
437fdc6e-253c-4f98-9c17-706b52e909b5,0
f6b560b1-8f66-4638-83c7-db810abff11f,0
768d24df-0a0b-43a1-b494-82c8562be906,1
884e91db-c8e9-4ac5-9255-b46a529621b8,0
5803e44e-1ea3-43ef-9e99-e23d9b332c40,0
289e49a1-25ca-424e-bf61-0f60b2f6b3f2,0
d64b2d76-33ff-4ea7-815d-f8d37f19e670,1
df6256a5-a2a9-426a-88a6-8e415a723fff,0
672b06be-1f6b-4715-a77f-13129aee9006,1
316eb147-9701-432d-881a-0fc6f4b6a884,0
82bd4d43-1a87-4cb0-aa67-7b5e646e5cf8,1
ff3c307b-3f2c-47e1-ad09-72db04f6515d,0
5edecbf0-b715-4b72-babe-0c4f604dbc1d,0
d54fd70a-292f-4580-9273-ba4fd543f608,0
ec18ff45-4915-4a28-9728-27bb0d9501ac,0
bf593313-6b3e-491d-b9ea-6cec89477c17,0
ce60a69d-ff46-45ab-ad42-e9e30af46396,0
eec568b6-2deb-4dfa-9354-61a44af2c209,0
bc2c0e37-d35c-494f-b78b-e09cee56ceb1,1
21ed49ba-3cfc-4233-8a1c-671c476f2521,1
dfd3c2f7-9818-4286-a68a-d6f0de73ccc8,0
31ab6f76-320b-4aac-ad5e-52b8da2442c9,1
d27f5c4c-8f0d-4cd1-aaf4-0e42ad9888a3,0
bbfa49bd-cb93-4147-bc79-64002b4951a6,0
af6796fc-4de9-4587-822c-4ae2cf38e216,0
93a5224b-d10f-436a-86d2-012cadf32d24,0
025e0624-c018-4079-bf3b-d3031f5d1016,0
a5dd5609-f013-4656-a59c-0f8612597650,0
15adf669-f79d-4e11-bb6f-304a81f84187,0
c58a66ac-a1df-46f8-8aa5-e7439cbd8ceb,0
9d3537bc-f878-44cc-a801-b27adefee37b,1
2f2e5d29-056f-4c4b-8531-6f4f519b20de,0
e1d93a6e-e1ad-4b22-a64e-6bf9bcd57bf6,0
b1f977e7-a8ca-4e9a-805c-484a208ea765,0
12632881-31d2-43c5-8e38-96de3968c624,0
418e6687-bca1-46dc-9fb0-a4995d49ccfe,0
58187587-2e1f-4772-9a5e-1525d5b76157,0
605490d0-f9a1-4eae-813b-f84bfab2d718,0
acb9788a-9d70-4af0-91e6-f43684ed43dc,0
1b333bd5-9565-45e1-8dcc-04098986bcd9,0
ca4c376a-fdc3-410b-84bd-2a5d6e3a9dab,1
904450c9-5476-4047-868a-72e7a76f6790,0
76d6c8bb-7ad0-4f37-821c-e0c7994081e9,0
43cb42c7-cb89-4cd6-bb0c-f7a400469cca,0
1e05719a-f5e6-4c8d-9533-25396e892c08,0
2ee99e6d-aee9-4826-99a7-3674bafe8111,0
d5a75d90-dae6-4fc0-beec-cfaa98427af8,1
4ba1fece-6783-40a8-9e7f-9acf732b4818,0
aa16dad8-2f79-402b-bfa4-fb171ab40d8a,0
1ce029aa-ee5c-4c43-80c7-3f5a818a1969,0
ee3da0de-4d1b-440d-91c3-e4fe4d99e74b,1
4c6a8c4c-0afc-4186-bbc8-be77c035c54f,0
f696bbd9-4167-4a2a-9391-8323f6bdb429,0
685631a6-1668-4e69-ac6b-934390c0534a,0
633aa44f-a54c-470d-8492-166a591a151d,0
4ebb88ea-34d3-41a9-9753-bd50e57e8f34,0
6ed02e1a-2565-4732-9b1d-54663af45c09,0
d5492376-b968-40ae-aac9-373b7c0c5fd9,0
edf00ee8-0bdd-4a54-ba30-4dc36cce1847,0
3957339b-b68c-4331-88b3-2a9d8527a5e3,0
091a16e6-8688-453e-91d2-accff8abeeaf,1
b9ec22fc-2d32-444a-89ec-13f678edab01,0
060d4d31-cb43-437b-8b7b-81f5224b701a,0
66e90dcc-9786-4625-b73a-4568af9e35d1,0
dba54904-a062-4efe-be3f-4cd550559193,0
b1c31d7e-6e29-4b23-be51-7ba8078df978,0
c76af0bc-aced-4d45-b461-a6d624892c18,0
dc8ad932-bba4-4b25-8536-1500eadaef48,0
5c571ca0-5bf4-45e4-a43b-403a2d29e480,0
0167b1eb-59a8-4ab9-81db-127a0b9da1a0,0
3f27d184-81cc-4265-997b-51bb7f857dd2,0
6f80d63d-de96-4072-88ea-70ea2b15c6d9,0
47d4b7bf-87e4-432f-8432-2fd0972b267e,1
1dfd7ce2-59df-4ac8-a877-3010230c1f5d,0
650eea56-d5d7-44f6-ad73-23e3c889d030,0
17d57898-bdbe-4d48-9e63-41f612ee37d0,1
daddd9b4-90c4-4f5e-9aed-4b848e3fda73,0
04a8e023-25b9-4664-81da-417d33c246ed,0
83190a87-0271-4809-bd73-f4405a9bec3b,0
0c86d13d-5b32-4943-9cf9-9ffac2dbb64c,0
e4adee0d-d963-44d2-b4db-4226a27235a6,1
425d6e77-9f2c-43f3-8827-60a133797a99,0
ed60b9be-0949-4075-bea0-b715dd2bf48d,0
93da9158-2d59-4a27-b83e-0141785be44a,0
5f08885f-e6d8-4764-9f2e-c5b9f6ff73dd,1
e4ca4bb5-627d-4db9-bc7a-4628331cbadd,0
ccddc1ea-0f8d-40aa-be41-5b3b1f69239f,0
d0c20833-e65e-4cc9-965b-dafdc3ddf013,0
9f5326bc-09e2-41fb-a5c2-88b01ddd48a1,0
121072ee-3f99-4fe7-bef1-d223b680f0c8,0
f004ecd9-654f-4e28-87f2-2779a1941263,0
259d32b1-8c23-42c4-92e2-cf0d5e3ee085,0
1ae6d032-4c64-48e1-a4dd-93b89d2e796f,0
eb85f979-8c39-4c6c-ba61-c9f63b5f3849,1
9bc6ef57-8d8c-42bc-b7a2-24f9003159af,0
83b8834e-b686-4cb9-bef5-973dbbbef698,0
bc29e3c7-7a3d-4e97-9c43-83792972a57f,0
52c10596-96fa-4551-bdf1-1c20cda45b14,0
3fcffe8c-9b0d-41c7-96ab-7cd63a490205,0
c3bb7563-c750-4b8d-874d-a70cb1bee47c,0
07525cb4-2b71-45f8-b87d-1f676b7e7b30,0
13944fc0-bbdc-47d9-a4f3-ef5342cb9e7e,1
09ff8aac-5654-40ec-8f3d-b02085c2a34a,0
f9bbcadb-05b8-4fa8-8536-2b637bb53fc6,0
f9fc5445-508e-4b57-940a-b70a3c35b94e,0
f97f5736-3b67-4a29-9fb8-01c8a4933fb7,0
6e331eee-ee53-4ad6-98aa-cdee460effac,1
c94dcd10-f21e-4f37-898f-0b86ff7a5b21,0
526ba2da-a8a0-416b-a06f-564f50269432,1
9cab4f93-c81c-4e70-8e06-9e9c2f45c179,0
dcc82369-863e-4bce-9006-1e8c198d84c5,0
77e95fad-da4c-4cb8-96a4-a0ff8b1141f9,0
65833402-26e2-4348-a3df-f3845d69f800,1
af82612a-51be-4e9d-911a-43ec6fbdc471,1
8acd07bb-45a1-4cdf-a502-fb19d0c3268a,0
a978ca1b-5674-449c-8212-af1dea3f136d,0
3f4c0961-524c-44c4-985a-5ff8def01f5f,0
8f042273-11bf-45f9-8e5f-b79a48ecf282,0
ae386a58-1613-4ac9-ba90-e4e0fda74dfa,1
badb1760-7762-41cd-a702-4f95e77e2a6d,0
338fbcd9-daf8-46a5-87ae-2b133fd11ed8,1
126ac8da-fab6-46af-b5a2-fcfb94edbe64,0
8b838dd4-096c-41f7-80e8-d99b16bc43c1,0
6cf3c0f9-febd-44a7-b94b-8c4d374d4337,0
51a97947-ea65-4f79-9f1d-f2850a2f3ed8,0
37bf992f-0fe1-4444-a84b-ae9068034f15,1
b441ab21-7ee5-4375-b5e7-4db205a398cc,0
7c22fecd-3994-426f-a1ac-70e0bbd5f001,0
3817b9fb-658e-4cb6-aa91-57ffd347b039,0
f6416bc7-c677-45f2-baeb-5a3cd4ec3159,1
0ef501c6-3d03-4429-92d2-afec829aeaf9,0
22faa37c-cf89-46f9-80ad-2bacc865aed9,1
d0db4b23-82a6-426d-b560-bb91b9bec47d,0
8a835d48-0e4a-4d8b-ae5a-7b98c4a77aaf,0
f35bc00c-b3bc-47e7-a3aa-d5ef990ee79f,0
e1f82e1c-55ab-40a9-b51d-371b0ab7006e,1
7f9fe3b7-ecc5-493e-a96e-16429c9c10cc,0
d0f9f3b3-519a-45f1-afac-483bf8944d02,0
c558c0c0-4acf-4f64-abbc-fc1161db33d7,0
58f270bc-841c-46fb-913a-98a034dca8a0,0
972a2498-9bb3-4871-b641-5a3fb68e8440,0
f4d2a237-f5ea-4c75-a745-12c54f1c2a50,0
d600bb55-44fc-4478-aa44-a4c1f5229ffb,0
6355c742-07f6-4e6a-89ef-9fbd1f4e1d55,1
27197219-dae0-4c01-8132-795b0bd0f197,0
7cac45e3-8014-4ce4-88f6-65252027e020,0
fb24b877-df3e-4e14-9f98-cac6f17c441f,0
ca493c96-4854-49cc-8bcf-00828ba78399,0
433621af-7559-4bd9-ba4f-b30d797dfcb1,0
7a18167c-bc82-4db7-aeec-59487b16b8b2,0
ffc0d965-8040-4397-a7e0-92873272f2a4,0
2e41ac15-b460-4edd-bde2-eb7fe336a7e0,1
d5ecd3f8-34d1-4886-8c7a-9c1d2628d540,0
739708d7-3a06-48a6-b055-1142396942e6,0
64f76dc1-856e-4418-8fac-71e18ff8f859,0
8618a1f1-e09f-4aaa-9820-a9370f0eb303,0
7152c050-2258-4963-81ed-e62f3c78d402,1
fa763585-2c5b-4ec0-b78a-9f2e64d4f127,0
d1b556b3-fd6f-4d85-9b18-1cc868cdae21,1
a9bf4a84-14c1-4b6b-a39f-ebfbb52cea55,1
c0ee5e98-ffc5-458a-b55a-55fb2c083900,0
4b11f91e-7bde-47cc-a8d0-ec5d111f5474,0
f6657255-dd59-42ce-87bc-331bc538842c,0
067ca1f0-7677-4f45-a23d-91f01b264401,0
98f29246-265e-4cb9-b9e8-498760ef4e36,0
7bedd782-e7cf-468c-8af9-2ca99cb782f5,0
af6a6ba2-9d42-45cc-bc1f-c12e7c60fe5d,0
c26e31c8-d827-41a5-a0ae-212b4be129e1,0
e1dfd6d2-3430-4fb1-a1f8-f0a53dfd4651,0
85010402-fdfe-42ec-ad3a-31927b71b4c3,0
b8c3451e-eaf3-4f76-8cf8-071fe5e4b3e9,1
06481233-9f1f-474c-ab96-2777627bdbf3,0
a6c9c122-4598-4ac2-be2d-111b779f0666,0
7e127d51-d869-41f5-a4ef-876a97d0935a,1
42c5f1b9-3667-4753-b19e-ac5943c7884d,0
733fb1e6-0500-4839-b920-b45bc3623780,0
a47ed3c3-f7bf-4684-aa40-09bdc7c6c425,0
a7babbac-e22e-4dc2-8e3c-f8e0e3e2f0ed,0
faeeccf6-95ee-4ed4-87e5-5930b0f4b94b,0
1557adec-bcce-4f7e-8eac-017ffce211cb,0
16f72b57-350a-4664-aecc-2a6af961b3c8,0
98822021-5f91-4a68-b37b-1e3c4dac7c3d,0
c52ccedc-5e64-441d-a0cb-75721363705f,0
8dec2459-1931-49c0-9191-33b365ae99e9,0
26e05ec5-046e-400a-91b7-ae0acf2fa196,1
a50c4add-a7ab-4984-beec-271dfa651b20,0
469300a3-7b44-4b88-bc68-e9a4eb661992,0
927078d0-ed8c-4692-bfef-296fbfe2f8c7,0
209a3924-755f-4690-b8f4-22eee63af4b2,0
8bd12fd4-c4ee-4fd1-9ed0-b4805e746508,1
82dd9aee-b111-4003-93ee-aa585a3ae7df,0
943ed86c-2aa3-492b-8eb0-9862977801ae,0
89026998-f165-4e9b-935c-5f6a162364bf,0
ddb6fa14-8444-4cfd-b23a-541915a6a211,0
07bb5828-3912-43d7-8c31-8b4f737ed55a,0
a6ba5292-9c1d-4b0b-8772-a3726ec8fe2d,0
a7059850-74a9-44c2-94ed-83268c7352a6,0
e26cbd32-a095-4ee4-9582-14d054248b3a,0
ed3e6c64-dca9-4e13-9c4e-7ac48bc63bc9,0
cbc90664-c78a-475b-a2b3-cd4b2fb56c7a,1
f1b984ed-d75f-4bee-bd8b-8c860c0d2948,0
77c51b9e-b467-4a96-a4cc-c857c4af4cf3,0
b3c6ad9d-78b9-4ac8-83d6-afb65c767127,0
4e9d70fd-5353-4b13-a81f-19234138a1f9,0
da925312-abb5-498e-919c-987aa3461a2d,0
dc8af59c-71cb-49e2-ad68-27a70fbf78e2,0
5da4758a-26b2-462a-b06f-0ad37e52ddfd,0
67ca0cda-3bc5-450c-a0c0-27e6db1ba934,1
aa4561f4-fc7c-4d16-92a3-0a10419873e1,1
b1124b74-f83c-49a5-b452-0c9c9eba0f86,0
41af3be8-e799-4413-a4e0-60806fae70c0,0
b34b8041-2d8d-410b-b077-cff2cc809e02,0
0fb287b6-5a65-4f07-b020-c692b7648eb4,0
815c4dc7-c6a5-4f96-9b62-2a77d4a072c8,1
5aa4a66b-c1e4-4e8b-b90a-3d8b025fea43,1
a0154dc4-0d7f-4f45-a9ef-0eb5ca98edb6,1
dab5b4a6-456a-401b-a04f-7df52cd05454,0
dea0f989-d608-4a6d-8223-8c010eabacde,1
8a194ba1-ba9f-428e-afcb-5e2d787d9b9a,0
3b2220b5-2082-4b80-a99a-a971d62404bd,0
40116b49-0a61-4c9d-8fda-5752b5189e8f,1
24dd8022-99fa-4dc7-b255-b80772d8e418,0
7740af8c-c603-4e23-8529-b487b5e9d780,0
595e8eac-59c1-467f-8dc8-dee8969742bc,0
3d853d3a-5718-4f70-8d84-1b3ca8bc5760,0
1b5cc808-5509-4d31-80c7-164f6f67a137,0
bc420167-7917-4b26-af8b-bb318f9a9f87,1
e0484e15-565a-42cb-9ed4-d318e8c3dd25,0
ac673969-c0e6-47a2-8034-cd5b3ce31c23,0
89d809b9-b823-424b-82bb-0e76cf57d4be,0
166979a6-3acb-4289-ac59-030a20b92304,0
2f3b9e28-3d9c-405c-aa6b-5d888926d87a,0
9d55652a-9cd8-4eab-9747-c15467e31c3c,0
db3af606-e696-41a6-a8be-56c652f66f1c,0
ff59647d-3558-4629-ad89-2669687cbc5d,0
45fb523d-f6aa-49ba-a852-9fa8daf88e57,1
7f806d56-ce85-4f81-a6a4-39b4d50deee8,0
0c5aeb3d-91ba-410d-a57d-2b36b00f3fc8,1
71eb936f-fd23-4faa-96db-fc8bf34ecaf4,0
4ebc2d3c-75ce-4290-99b4-467d39430e86,0
ea7d3fa9-58b6-4ca3-ac2f-c3f151d2e450,0
7ee77c84-f64b-4f62-b937-b4e17b0fd52e,1
bd876f46-0574-465f-8aa2-f694f8e1a7bd,1
f580d528-6f11-49b8-9a71-c4ce77c45c77,0
e3498e3f-7ae3-4783-a0b7-563e4afe8093,0
b3f35d08-7417-488f-82a0-ace19ec7e78a,0
4774c838-031c-4e6b-ab7a-85de2b273cb3,1
93f7ddb9-7c68-48c8-b4a0-248222d90007,0
fd96b117-d5e5-4c56-9fa3-56eb26f63388,0
e1f34baa-9094-4ea2-847e-e2cf10541e48,0
4becda9e-5a2b-4bef-8e65-775280ccd53d,0
277a76df-b8d5-465e-96b2-5deb65349bb2,0
42095b93-c579-43e1-9f67-a4a5c8a94a48,0
3600ea20-a726-4163-b1ad-c8b5dfabac69,0
8bded663-064b-4ae0-8c7a-d2c54fec91b2,0
4d3a7ba5-67f5-4c11-9190-6501c2d6c280,0
fe278e0c-ba0b-4b74-b9ab-bb9a249a4eb9,0
8ddc6f3c-4224-4f30-8311-fe6d50942904,0
699bb7e2-6748-4f10-a362-b8288e4fd516,0
eeb64a6a-a51f-4e04-a545-63f1d28e09e4,0
08420fa0-e97a-4ccb-966a-cd0fb7527fc5,0
445b0995-8ae8-42c2-8a3e-c353ce0f2f41,0
f7be1641-b8fa-4c2f-a360-4ae1fe61d016,0
1f977355-6e29-4c59-a004-fe0e45a88932,1
e3e55e52-99df-4515-a9ac-7726e8648155,0
d8f0658a-e813-44ee-b8db-54a56274b344,0
d70f5095-56f1-4fe6-ae43-28559609507c,1
150c4a51-244b-4010-835b-407b77ca7ed1,0
81f8209c-174e-427b-815f-8c52c89d0ddb,1
69bc497a-c1a5-4cab-a40d-618f6767a76f,0
ddca4f96-9578-473f-8306-1a4adb7747d8,0
fabdca0d-110d-4429-9a14-869eab360652,0
f8a1fcf4-6336-4a5e-b114-e0851d59d147,1
a7a111db-b188-41e5-9ded-0b23b94ad2e4,0
31ae685d-cbb6-487a-abed-ecd6821ca419,0
344e660e-8f8a-47e0-a516-2fb26f18297e,0
43efa4e6-8073-4a63-bb0f-647c9fd90e07,0
c11f9ba5-21f0-4385-805c-baab41cbfe8d,0
467b9efc-1ba2-46e1-845d-ad338e9dbcab,0
764184ac-b03c-417d-bfcd-28699cc776a3,1
45f9dfb2-1af5-46b1-94f2-6112e3096f66,0
65735ad8-9592-466a-aede-822f3dcbfd03,0
ee284bc4-b0a5-4509-adae-54134e3324c6,1
dfd4ab0a-53b1-4e1d-9c6c-fc8306dc52a4,0
f7a6f376-e89b-46b0-a20e-75881f3555b3,0
8f2cbd4f-2062-463a-9e26-74e54461dd1b,0
50930e43-6257-4a26-bfb1-70dfb19cff68,0
ae65cff9-27fa-4584-b8cf-bad1b8495fe5,0
a01b26f8-1494-494b-b398-9c62f2ff58c8,0
bc68239b-e945-4704-a94e-b1ec2601e0af,0
1f70a6c7-80aa-4f09-9f90-3792db8d4f4b,1
3269432b-e58d-4775-81b6-445aa1209e5d,0
55bff7d3-bc6e-46d3-8b1d-63a998bed732,0
55d70b38-67f4-494f-ac29-be30afb4e3fc,0
d2f06901-1855-4ed6-a23f-2f866e50d997,1
56d93492-6159-4fc8-8729-35c037137c5e,0
bb7fdd5d-d62d-4c23-b157-223c834bebcb,0
4caf076e-b464-4be2-8047-a238fddbb976,0
e555d11f-ac1a-496f-8136-fa026bac0661,1
1dad2e31-bc80-40c4-8504-edf15068b2d2,0
9124df06-9e77-4b7a-b004-86d1544e671f,0
b2ec20ab-2a3e-48ac-8af9-1884a7f50c3a,0
7fe7c60f-dcb5-4169-a022-a8750353ef34,0
82a8cb9c-df55-4655-ad22-c90448805d1b,0
7943d4a7-28f2-4d64-86a0-ecb8ee63619d,0
ece0ef3b-19a8-4cc0-bd9e-a5f9ce8dc04e,0
24791a84-ea13-4ce9-88ea-02695787f42c,0
6501dd43-d65c-4287-a7ec-6539da4ed002,0
44fa613d-ccaa-417a-9d5a-6df635e088ce,1
131a7c2b-d9d1-4c4c-959f-8085f778a198,0
9c57f87d-acdc-4343-98c3-a6247765f406,0
f4ab733c-3cb7-4ed4-9e19-0b3c745ec377,0
ce997477-81a3-4d6c-a68b-023099deadbe,0
530a5505-5e0e-4b34-a5ad-a5a949482cbc,0
9cd1e81d-9247-4739-9863-cd672c3d98ca,0
0087d9f2-6711-4b48-af3e-534cf7db7211,1
81c9d1d4-2b40-4823-a9a8-3dbb63bc6cc1,0
1136558f-053b-4912-802c-13c368f85955,0
a104f150-76c6-402e-a186-130b446ffb16,0
55afb258-2276-4fc9-8e73-27ce1f0e42ac,0
9e2b941e-0b0f-4510-b6e2-b3a671180366,0
0dc43199-9de1-47b1-a1da-de1b82ff6953,0
2ce63a51-86dc-443e-b613-742e2874e4a4,0
e41bb41f-7d85-4cb5-ab76-97acef16aeaa,0
117dffc7-98d9-494e-ac57-f5ca13051876,0
3ba5f634-f2c1-4e51-88ca-e0a964f13646,0
6ba8558d-45a5-4679-a890-e87caf0613ca,0
d58a11ae-6d73-454b-8c02-c5be59e97721,0
a1440c93-cfee-43b6-9dd0-a0bb82bb3381,0
593f6dfa-5177-4138-8aea-d098f7a2d6b2,0
bc13d5f3-8f0c-4412-9f6f-03dc76100bda,0
4e4a43b7-eec7-415f-8790-bb871027a2cb,0
e3bf1aeb-753f-4b30-a70b-4b3161b58b97,1
a6af22a1-b1ef-4300-ac4d-c3fbba56567a,0
a6d14032-3b69-4a87-9213-5990fc7e4e3a,0
ea158325-25d2-450a-b389-4e17d84f7676,0
a605500e-fab9-479f-9314-df50926312ba,1
8780d0e4-3599-4fc8-8aa1-c9ae304ab738,1
de4da2c9-5cb3-4f82-92e0-12e820dc2840,0
b2405804-1b9c-4186-a99b-86104277cc9b,0
4c561e95-0a1c-4904-a48d-7ed08b89c691,0
7a35c200-9746-4ab3-a215-40e1a8ece094,0
911cb933-2393-404b-9324-52d8116b3ba8,1
cabb9323-f79b-461e-85a2-fd00b0aac796,1
d5396f5d-10cf-4390-b946-cb856a0bbcad,1
2c2a5b9e-415e-49b5-8be2-010b49a3a493,1
112c2aae-c041-4cc6-b0ee-9d7c3db4ddf4,0
7dc388f4-1f44-4aa9-a920-6eaa0753410a,0
7a07523f-9b11-4b97-a0c4-761825e6f20e,0
f16e7ca8-0b6f-41b4-b2a1-50ef9bf3c3b0,0
7053fae7-de60-414a-9fe8-e094fc0b066e,0
8029a3e1-1c87-4cb2-aba8-3ebc57c27c91,0
0b88865c-0be5-4a1f-933d-b5ad35240b53,0
9d0a78ae-c8d7-4635-bf90-45183c5e4e3e,0
16cadc2b-0126-446e-8f40-252f7600275e,0
fc4d54f9-4822-47e5-a7f6-4e2199fd13a4,0
b44e5f86-4e7b-4389-a024-7eaff1bfee8f,0
b6ec5076-e5a2-47ba-b2ad-1132f1395e25,1
3e92e81c-8454-4627-883b-dfda30bc69e4,0
3de7e60c-fdf5-477d-a5c5-46c004cb1f3d,0
a923d8e3-ebc4-4e45-8181-dae232824035,0
18922974-612c-4dcd-864b-afa2c4ea7d63,0
7d99c922-52e0-4a06-aa50-1e6feb9c1a83,1
0dddc9f1-bd95-4f1d-96dd-8da4984379c4,1
8f49283a-75c6-4b85-92d5-b7d464c89bbd,1
1ab3512c-a631-45a0-bf11-e6062b171ac3,0
50dd2b4b-c75a-42a5-b71b-57c109f92da3,0
ad33806a-378f-4ea8-a716-13b0ceea53cb,0
e147578c-bc3b-4383-874c-358afb8679ab,0
394b4c40-3049-4f72-ac56-e377a87d6af8,0
903b8445-eb0e-4e3b-8936-c53ab6d40ae2,0
1f596b78-1237-4c86-b7f9-9f1400bf06ee,1
938e21b3-c1c1-4577-860c-974b9f7155e5,1
a71885af-5c60-4450-8d11-ce1a3f12f5a5,0
411e930d-f613-428f-835f-68895c42284e,1
01b89f80-c0f0-48db-8f9a-79bcf858eef8,0
a3275e47-2dd1-48e6-91a3-c9f7d5c717be,1
078d4940-2c7e-42eb-b575-971670041006,0
68d83ae7-30af-4c48-b7d9-ae6ab62eddc4,0
eb98860d-c759-455b-a8d9-f9e762b81875,0
2cb335a1-f3be-4385-a20f-e4d100ec53eb,0
303f9b33-e378-47b6-966e-433f3767b1d7,0
d57836e3-ebce-4a6c-a5c8-f1ce0fc68353,0
8d9e47ba-bc8b-4e94-afe1-8efb5f214fbb,0
430bb283-19e9-4f4f-b24e-c084ebc4066d,0
aeb8604c-6425-4d76-9454-14fc54176af6,0
bc3afd6e-33bf-4701-9ed7-67bc0a529f73,1
6f14c48e-9c5d-447c-b1b0-8e4156678818,0
b0e997c1-a477-4ae0-825b-e4acc842130a,0
287be000-42b1-40e5-a4b8-a4331da0c1f0,0
d524bd74-1bd4-49d8-8fd0-52f8db872f67,0
fd681508-18ba-4059-87e8-767ef2f6372e,0
5fe7fc92-5786-4d31-909a-ea582206d544,1
361c2079-c01a-418a-b415-863c00c659c6,0
ddeda7d8-3886-4b27-9ec7-1f0cfed934d6,0
6b02832f-5d16-48e9-8d70-4aed56e15ccb,1
2eab11e3-ba75-466d-adc8-13abe2f1a807,0
29dd9b77-7d77-44f5-b9c7-22e4e373d98e,0
fe2f3f64-3d5a-4d3e-8b72-36bc0230f424,0
a5cba562-0031-4118-8d3e-0d4391090f4b,1
4b8346e4-1ea6-4866-a1be-91e929983552,0
91ee0e6b-c1f8-4e31-b629-6e9c7c1008e3,0
80f008d6-10a4-4f72-9511-d3add7781276,0
0a66792b-a3d4-4c1b-ade4-1b2a38eaedea,0
18119a84-c2a2-460c-befe-41577186fbe7,1
9952f8d6-2156-4ca0-b790-ba3494d1b993,1
c5becfc4-e87c-485c-b304-29b9c8ceded3,0
bd7cf074-4569-4ec5-889d-8a04f26dd70b,0
d8f8d540-e71b-4873-a852-e21be4547cbb,0
840298e1-eede-4a11-b9cc-be6219533f03,0
c98e6140-c9be-4cb2-8840-d21399ac2286,0
e68f5993-daf3-4680-a3b9-6ac53cfa2ac8,0
d414dd32-2006-4b57-b06a-fd30bf7ad063,0
d3b25c99-03a7-46b7-b788-a6fd8bc6f269,1
b4e9a54f-314b-4a7f-a1c2-f62963a62517,0
d380e135-e843-488e-8e10-28fff6478ef1,0
f1efeae7-3705-4c4e-8881-769a40ea1e4a,0
7380ab4b-b31a-40a3-97d0-0b665daf1054,1
7d74f263-883a-43d3-ac87-37446833db43,0
d9e91cbc-a58d-410e-b587-ac30a2e53562,1
d8ba1a41-bbb3-4a17-abdf-257ff264adf7,0
c90fcace-aea5-4867-a81c-c4a5eb0d2adb,0
e5f15fde-722d-4833-bce2-c1d7abea6bb2,0
e2fc87d6-2fc2-4553-b201-1326f43f0901,0
9cf7b53d-db84-420b-a5b2-af379bd9fcf4,0
25f09910-73d4-4a30-a446-770ca827aa35,1
7c7e188b-b4cf-447a-b9b0-7fc39827c9b0,1
117d6f95-ffbc-49b1-a898-7e2daecd06c5,0
cddc9530-2440-4e5b-8b44-58a8fa665897,0
e05d3748-92a1-4933-b3b7-4a2afbce3eec,0
6f2fda2c-9f78-4ae1-9bfa-cdc7e96a2301,0
e241e89d-ee25-4c7e-b323-974f5dfca13d,0
71996696-21bc-454c-a713-363dde0b6839,1
ab11e9a2-ebd9-408e-9f9f-a5bb8b25f59b,1
c0735645-cdc2-4551-96ba-7a24c85583d7,0
bb47ca56-ea72-41c2-ab2b-fce51e3d80ae,0
56601463-2c48-4c13-95bf-3812be331b47,1
7c4a4e9c-0d27-43c3-ada3-d7e3abe7a15b,0
06d47532-d104-4de2-a30b-a3911f257a80,0
eb994b32-ca0d-4c54-8b44-10325dda3319,0
a21c8525-7d8d-42dd-9eba-ab4d38379da2,1
e5f53b48-e810-43de-97d4-fb95b327688b,1
f7136d37-2760-4e9d-9640-c883320e4751,0
36de3e60-5235-4e42-8d00-481248884cb7,1
560e9e89-1c13-4872-bff4-98e2c337294b,0
6774e9f2-03e0-4246-b8f3-6be341aa98cb,0
437b60ae-8ab6-46f9-9aa5-b22f35b9ccfc,0
67d07273-337b-40e3-98bc-794753f990e1,0
316a7d94-b960-404d-a2a8-dfe80efee5b9,0
b5b64f06-c280-43f7-b945-39580f1f401d,1
c37b3b96-5ee4-4581-927f-d915ba66140e,1
e538573d-8cdb-4c47-bded-4ee4d5694554,0
4591cf77-6880-462c-9147-d30eb7eda687,0
09d3bd3f-4279-44f0-add0-90aaf03dd64f,0
441b8f4d-1b8e-4f4b-ac46-f7c93e3553f5,1
64fed887-1e42-46c7-b133-0ac30f700f17,0
f9ab49b1-41ee-4e81-a17f-a54eef17d61a,0
5b877827-54f1-45f9-bcc2-7ec103628825,0
2018bcf6-aeb7-4940-aefa-ce233f4b091e,0
7450912d-9fcb-460a-8617-ca901c3fa147,0
692b9f90-c8e1-4265-9dc8-ad3945d6e756,0
3836ec13-8660-4017-8919-11fe14525af7,0
7b00bb85-715f-4a9a-9741-38a3f6a220f3,0
f601a5ec-4049-4c70-bf3b-a066e2fc2f7d,0
29a01c41-dc40-43ba-a647-869c3af14924,0
4b54e6ba-274a-48dc-ae70-207bf03a0b70,0
def86430-bba5-4040-ba8e-b1f7d9ad5358,0
264d6aae-fd3c-4b2a-9a1f-10ae5cf92cad,0
57a3f7f4-1495-404e-956f-0b7350f690ec,0
a334fc11-64a9-44cf-9756-a50620a7e4b8,0
bb3d0711-77e5-4eb2-9c4c-7d258dd172ad,0
06be9441-e5dd-4f0f-a374-79f283230b07,0
0e6a5b40-5be9-453f-95e0-365e211a6d49,1
45fb1c2f-01c9-4e84-92a8-04a07740eb87,0
44e281d4-16cb-43cb-bf42-a051e94ea96c,1
540d6ac0-fee6-46a6-9c3f-38502494e771,0
666dba79-0e0a-4d8e-a432-75e3b246e09b,0
75dad83b-bd4e-4c30-af48-eed617f22257,0
28b460d2-88a0-48bd-bee0-6ca29fb9a901,0
60429fbf-5217-446d-affa-5e22b7b536d1,0
8225cc79-7e97-4182-b988-488306abfd74,0
2788d552-e45e-4404-962c-b4570cc4b829,0
11a6ca9f-ec1d-4d68-b55a-499fe5ae22e0,1
414b2925-4d8c-4979-b5bf-729d45697c43,0
65608da6-9059-427b-b669-6f873e13afff,0
0b6de274-b402-4f27-b21f-8cb6072ccadf,1
40a0d48b-2959-43e0-9b51-911a3a6adbe6,0
d97ba850-6a10-4fcb-901a-252c4eae96e6,0
a43e57a4-b074-4b66-b6dc-b13503511548,0
56550e01-b43f-484c-8e6c-9153c2c1658b,1
936ef244-8a4b-41ee-b9d8-f03d468b2341,1
7e8a3b7c-ed04-4b83-b221-7405efaaab2a,0
636d0952-dcc7-46aa-9721-d04f6c1bd635,1
5c9e5761-b593-4287-ba14-49d196d56ae8,0
d56adcea-9a5b-4aeb-9f18-8e408708c7f2,0
7b69349e-3fa4-48ff-a733-8d32e41a2b30,0
df7a3c9a-3d55-4395-9b30-9031748ad53e,0
9449f655-9daf-438c-b87f-94e4fb143748,0
859dfd14-a283-46d2-8a55-5de0c7dd57a5,1
edbeb41f-b3c3-4d46-ae4c-27d323b8abfb,1
f0550175-8c84-4eab-97ef-abc1a40d794f,0
82ab2e19-2d1a-4ed5-89f0-da1d0ef95345,0
42c69d01-d355-4a5d-8e80-e6162bcb0c67,1
721509c9-8e0d-411f-a99f-c8b854688fc9,0
9ebe574f-eee7-477c-9a07-c594c39948d3,0
562bd45d-791b-4370-96cc-74363422bd47,0
edee43f6-2c3d-4865-98df-b37304bbbcc6,0
9d7727e7-8b99-44ab-934b-34adba0fd8a4,1
3d6939f9-7397-46fe-b223-2ba9442ff39c,0
95cb363d-d8fa-4168-b6b4-7168c38ab97d,0
68ddea4a-8478-4efc-be80-7e3b263950a9,0
b18cab08-19a3-46bd-8300-118b78acb3f1,1
2a29eb2b-b681-4f08-8a80-a96aa970021f,0
5eb2f4d5-8ed7-4444-b790-75ff3165e964,0
e5711f57-fbf5-425c-8e92-f2c6ac16b047,0
015cba9b-45ff-4359-afd2-f4dd05660ad7,0
9bd27675-7f27-44a3-a9cd-077abe2c0292,1
1ae65118-5b21-47e0-9159-cfbb60e7d8ff,0
1b5523da-7d76-4f94-a75c-209452713e7e,0
b8f1702d-ccc6-4302-b939-ded0ee2b1ed1,0
7b7486c7-1187-4b1f-9756-0b3321802a34,0
4092afca-21cb-4d89-bfc6-58657a7f8855,0
77b0bd34-bf34-4684-a264-f1cad71df176,0
f10fee4c-3aff-4882-85e0-1cc314c38c6a,0
7db4ff7d-6217-427d-b161-5f3dc7078828,0
983196d1-2910-4f7a-81cf-8c0d9d731ae2,0
a91455b4-3c2c-4fcb-badd-d3e8d57f228b,0
22c56554-b155-4964-9ae3-707eb48f18d5,0
8e80ce08-cbd9-43f2-acfa-06d33c725fee,1
abb9801c-8feb-47e0-a37a-f485b5bc7e69,0
cb6a7813-cae6-4191-a835-9b17f85a6fbf,0
97d89dcf-ffaf-47b0-bbee-512866aaadfc,0
a512146b-fa03-4525-9eb5-1604645950a6,0
de814b25-b0f4-4b3a-a10d-e2a10e3ba02d,0
29429067-0f79-40d7-a6a0-805929e3e705,0
8636ddd7-2d97-4778-a0be-6f118190a87b,0
bccd655b-aca7-4f4f-9ab9-900901da93f2,0
4c6dbb93-3e5e-424c-becb-9a954aa67300,0
adb51cb5-c035-4d6b-a51c-c7dd3a6f77c8,0
699c518c-871c-46ca-839c-09e00b2cac7a,0
f9770db0-44c9-4a4a-9568-ec602d943ce9,0
43318d64-c889-4ed4-ba22-4d754ceb7150,0
3fd2c312-54c4-407a-ba59-2dd7223d2519,0
86f779b0-a6e9-4e3e-bff5-f0560d35d45d,1
f12db13e-48e0-4b37-b6cc-1c8787bc118c,0
7e3d1bba-1968-424d-a948-6b8a595eab18,1
4d2b130a-c766-4bff-b696-b833b1f38e9d,0
8efb9d80-587e-4fe6-ac2d-adffbe960f81,0
2e895c36-9cfa-4377-abfd-2ff8a8d18071,0
98fcbfe8-c0c8-480d-95d3-5e951cdf365e,0
6a80cfe8-06e6-41b6-84bd-bf05530e5929,0
a51a45a1-8a82-47ac-bd12-dd9a47355955,0
6aaae7b7-240b-4f4a-818c-204f5a668e51,0
c3702796-27f0-4312-83e4-cf91d4690dad,0
a46759d6-10c2-4e53-9bd8-ba47c91edfa8,0
1a652178-5ede-4eaf-966c-a147b06b5ed8,1
2dcf822b-4f31-4332-9c47-7f9b52c59bb3,0
e3ef5684-393b-4080-b67f-130362a39a55,1
61012aac-259c-4d2e-893a-8c6ceca2e149,0
0a024818-4d0f-4822-8b83-c9af44cbee6e,0
523f59fa-df82-4365-9540-b2da32fb526e,1
09804407-d49c-4eba-8c72-c157c1020588,1
7ef0fdbd-1b6d-49fb-ad84-957b25142396,0
96f954ed-9e15-491b-ba6c-23c1c043ec14,0
8e7efd41-8597-4ef2-8543-68b1168da427,0
a8d3bcec-9be7-4fc9-a82d-43bd231bd5c8,0
73a40c29-fcb4-4360-9b6f-b821e7ea75d2,0
3ba05b22-ebe3-4dc1-a2ce-0bdce1c1a3ca,0
e4e8ac99-3ce9-48d5-9c4c-576f9b21b4b3,0
e0d9b20d-36f2-46b3-98c6-e1d6a2b217e9,1
9ed5c2d3-0377-4bfe-85a1-65ba497ad1e0,0
2a34da54-5d88-4d1e-9f6c-65a0183825ea,0
6d20ea7e-6e40-45bf-a270-25de15851ef2,0
2a8c5bff-fba9-4ff6-92e7-61de76823403,0
654e9c32-03ce-4397-aa4d-84f80cc5e91c,0
25d9711d-528c-4280-9166-aba0059b4a0e,0
d6e1d6d5-142f-49ec-b68b-85a937f4e9d7,0
470cac05-ef39-47bc-bdd8-016207765b4d,1
b96eb931-5da0-4a4e-9e3e-af8c963864ad,1
683a1ef0-fe62-4688-92ee-6e1e3958bf5a,0
5ea16d0b-c948-454c-bb72-f19d5b2fb54f,0
8368b596-339c-4731-a75d-a7afff6854ba,0
3416e5df-a7bc-44c3-908f-db7c71d0b1d2,1
0e8ba779-c31a-49cc-93de-ddad4b70ae26,1
08796e04-9de3-42cc-a0fa-d24eaa34735b,0
039092f4-c6ac-4136-8b76-ff13cd20f030,0
7aa86011-8e0f-4778-b355-588cc1062d6a,0
3d5beb3a-1ac7-4503-891c-49e0c1379b6b,0
054178b5-8220-4d0d-8366-50eec30ffebf,0
3cd0d955-c6bc-4ac1-9416-6eebbaf20d5a,0
e6e3d93e-406d-42ed-b5d1-fe88f166ec64,0
224c1dc3-e2fa-4e21-b360-4cbabba3d321,0
a58cbe93-0e4b-405d-bd4a-4bd090fc26d1,0
69a6ec1f-872c-45e1-85f8-67d818591d66,0
e2cbad77-7a20-48e1-b8c1-a13aea60ed6b,0
13e6198d-5d23-4eb1-b407-32691f10d73a,0
87d3d91e-cfb2-468b-993e-02e11a2ca69f,0
d0ce5b25-7406-4252-998c-4e6cc0bb61bc,1
39eefd46-467e-4d41-b66e-366e04115809,0
662e79e2-6929-4933-8e66-862682827f06,0
18ff7eb1-69c0-4272-9a45-d8ba502e96ab,0
0672e943-a96f-4bcf-9273-e1b92b8cf61a,1
7a4aa533-f830-432b-b8bb-4f01d801ec1f,0
68ea625d-e598-4a99-8c77-4594e3078c16,0
dd911f40-edf0-4428-bd92-0a69d0911659,0
07e4a1f7-9b77-40c4-a8ee-91dd3f647e6d,0
e6b41b75-9132-48e8-8e3d-d5841668da89,0
805a6739-c589-4a09-bd92-addd9d5b9a45,1
d218e09d-fef0-4dc0-817e-49669e67d904,0
be50f4e2-44a6-4031-a86f-fc6eeec925db,0
d2d35c6e-8320-421a-9d58-6b534c68550f,0
ddefbb54-9e11-436b-857b-72c7708d2434,0
b355c544-3232-44ed-9ea9-0152a5f4dc1e,0
056ea411-30a0-4d77-a7d2-3d6186297c83,0
5ada1865-202c-455b-88d2-933ebf3aaf99,1
b2b3f7a0-25f1-4846-b641-ec3013e36925,0
df4f9c67-7e9f-4246-96e3-20cdd8e27b78,0
6e6fec21-680f-45fe-9d89-c741006ac188,0
22fc3fde-a447-4aa5-9dfd-e8dfc9a91552,0
7b85d9ec-7abb-40f3-b89a-dea0780726a3,0
77277bb1-53b6-4f2f-ab65-752fcbf14236,0
85f92b59-caca-411c-8c21-816b02152096,0
51a328c6-7b44-4c48-a2ba-23ea26c3729f,0
942539b1-1026-440d-b074-37b7a089f8cf,0
92e93be4-bb75-4a6a-b44a-4df1b83c25d0,0
bd9252e1-e8c0-4882-a7a6-55f4719279ec,1
a9724ff3-e664-41e2-b269-fc613d68dc49,0
ed79f4b7-e10b-4c9b-9c13-d11f987e867f,0
c7d66ec7-5d3d-4ff3-a530-3ea52e19b7f2,1
437d2a3f-1a00-4214-b5b5-32d677a6a6c9,0
3113de17-a394-4a83-8ed9-fb2bd666250d,0
5c8e92e1-52c0-4024-ac64-86a882e22373,0
28a91526-994a-4bb4-856f-8bfd228d44b5,0
976d210c-085a-482c-9f38-de47f5c8a13d,0
a74fed39-6917-4233-bd96-8ca2513a2b1b,0
99ce1c38-41f8-46ca-8d64-da5b383cc472,0
178db6ad-41de-47dc-aae2-df280cbdc2bb,0
94d555b2-073a-49c4-a475-9d2c82ac52b5,0
955b9602-19e4-4a65-8571-b150ed5c8599,0
9b6033a0-b1b5-4d33-acd9-d98943918057,0
4d1bc858-2d80-46c7-9b0b-adfe16cc0354,0
583e91ac-e04b-4c00-b182-e7995ceea12c,0
a05ed3b3-221f-4c66-9274-57287d4207a2,0
9131d8f5-788f-46ab-bf27-d179c1b45e43,1
48b01fa5-0139-4bb8-ad69-d958185f16c9,0
17c67474-e13d-4c97-9e14-bfc401e3d84f,0
c41671f8-6246-4d95-9bc1-5aae41935868,0
40db0d74-0b65-43b8-9047-78cee596c62f,0
df1a4c93-f7df-4c8b-bbb6-52a9bd713f45,0
97edc923-e3df-4f08-a91c-4f4ffe8e57bb,0
d717fcfd-b647-4591-a4f1-b813cfd8b0c3,0
fdfb580e-e7a4-46da-ab15-271e5116211b,0
193a1dd1-adf5-4149-bd67-9f88c1e174a9,0
1a2ccc95-1e6a-4f83-b991-31c939c4c7b6,0
9ec631b3-644e-448b-a5be-5942c0a52205,0
f5ae41ea-95c4-4eca-b529-6bb2c0f9dcd5,1
85fe1374-cabb-4c28-a3d5-e16402c0ee85,0
3ed18749-4286-444a-a92e-42ce6af63992,1
123ff5ad-557f-4842-b8f2-d434175d1fc4,0
6d3c82d7-d869-4a37-909f-edecbe507aac,0
472c6aa2-717d-43f9-9b8d-ab809b589e5d,0
4d97c0b1-9b7e-4a5e-8113-1b0d6a3c9f2b,0
fca8f96c-a5b9-4918-bc45-e9a367664a37,0
3f8fbafc-5d07-4ede-883f-5d889d122e1d,0
6b4e2f7a-5dfc-449e-afbf-6868303bbe17,0
42646004-13f1-4744-b2d8-efc2207a674f,0
ef3c3e0a-96b4-475c-bc74-814c977511a6,0
12fcee0e-37b6-4d8b-badf-17e7122a8bbb,1
e82f48c9-ba18-4346-b4bc-ec54164458d4,0
366f7614-1a78-409e-ad14-7a6c9b3bc123,0
21907d43-9df6-4f3e-a2af-a641efce7bf8,0
973930a6-513d-49d8-95e2-3915173545cb,0
3f88b13c-1230-4be6-8786-8ea5b3370928,0
3325bd54-6c96-49b3-9d2b-5f24980d344b,0
3a4ca9c9-1f35-42e2-85d2-cd3fc01de0c4,0
7e03f99f-8137-4332-be63-a9ddfdda4522,0
8185c5b6-9c2d-4577-901f-3c1817c1bb0e,0
743dd2c0-d84f-4de4-9d01-f9995505fa49,0
ae2dd902-f887-4a1c-9327-f9f774fffc6e,0
e694bf84-d8f6-4cb2-b105-93da020f356f,1
8969b30b-e62d-4002-b0c1-5ca5697ae27e,0
4dc06855-973c-4070-832a-acf40505cb96,0
2ddf597f-5b54-4a3b-be44-45501019568b,0
3d73940d-97e2-4954-a738-1b09743b92a2,0
b49c4602-36cf-4269-931c-9df2b88a6171,0
a7a73fac-1fb5-4671-80b7-ee8c3eddc157,0
cc072a19-28d2-4b41-b6f9-929e71918150,0
6bf3c95e-8511-4c72-9aef-0b424047a0f4,0
5b3739be-fd73-4f6c-8048-f627bf6a711c,1
d046585e-4fe5-4402-9f93-ef0c75ecfe0f,1
c1bc4fdf-5e8e-4c33-ba8b-0a8c311f63c1,1
01526fd4-61ac-496c-8586-1780dabcba7e,0
0b40b025-07d3-414f-97f0-021d132d9321,0
a9546e06-27df-46b8-9423-e1be93b919e8,0
25146bcb-dc26-45c1-b10d-5d7b32ad83a1,0
cd212bdd-0bb3-4b8a-9d61-67779a95ca9c,0
2832be22-2462-484b-b5b8-0a6ffd838f50,0
ea15ef85-06e9-411d-bba4-dc674393e7ac,0
e6079568-951f-4de7-a6cd-2ba4ab67716e,0
25448801-f5f1-4953-afda-45cac6cd3a1d,0
f0822cf1-fdc0-40cb-a5c2-d27c5d3970c3,0
27bf9d9a-56f5-4c23-a31d-aac36e988adc,0
a2c5c4d9-2ff2-4497-a271-6730a1c012a9,0
96b64d33-733e-46a1-bfa1-4c6cb7efda6b,0
2de773c7-7f2a-479d-befa-321c9f094616,0
32f1db66-c531-41d6-9844-b47d4e1b93bf,0
0a616809-81d9-4274-91f6-9eeb98e53a9a,1
65eb5701-3978-40c8-b381-294b1ae12446,1
62e25ac7-ce2b-4c8b-bedf-07dd8050955c,0
928ecc54-6254-4fa3-a372-2e68678b32d7,0
0268938c-c159-49e6-b234-08713af8988a,0
9be83c6c-f53a-4e0a-a31d-ea4076364558,0
803661c8-cb3c-4cd4-b2e1-bb952d150d95,1
cfcd87d6-a068-4c74-9a47-d3a873641f65,0
12c6f91b-a0f2-476b-823f-10220b491899,0
1fa83a39-31c7-4f91-9e1f-6b0d6d756f50,0
b270f2d3-9f35-4d37-b1c9-a38a59de2f41,0
6255d26b-0669-41cb-ae6f-4d8cf42f11d1,0
1ced5359-4403-404b-9d80-36e6ef8d6143,0
d0243549-ee42-4c3a-a1ef-7cede51111cd,0
1c83fea8-ce26-446d-86c5-0a166c843735,0
d07de87b-cc56-4787-b09f-b31c0998f6dd,0
9740e8de-15d4-4734-9082-6c40cbe2530d,1
2d1fda11-0bf2-4c2a-afd2-24402a1d9079,0
39bf5d99-73bd-40c6-ab8c-e54f0b6e6437,0
28001254-6685-4b8b-9c6d-e9f318c2cf25,0
1b7ca8b6-0077-4dc6-ac86-fa30c40fa995,0
05e2b55f-b63f-4323-a05e-4d706279741b,1
d5813bec-4418-4656-865c-a8429651e979,1
440b9d48-77ea-4849-84e7-816b4b27be7e,1
7fa99cb4-b6e1-4dff-9b67-4a3bf758aa58,0
61c57661-3451-49d2-b774-79a8b9d6eb22,0
2ab0a9be-f321-48cd-adb7-a40ce7dc3e46,0
f8af99c2-564a-436d-964f-80a71a0ee268,0
8cb82c95-bc24-463d-8d59-9f2df25cfdc1,0
2c0e9c3a-62f2-4dd2-9529-cb540460614e,0
b6297bf0-51c6-4005-9e4a-1a8559bee175,1
0058ecde-1cc0-4179-be9c-b99d02b6585c,0
1fc05a17-8654-488c-b1a9-78fb65831acb,0
3ccef410-211a-427c-b51c-8d62489edbeb,0
2342f93f-60c1-4d24-9615-e0a502c94d17,0
e8e19cc4-449d-49ea-bbee-281c288c91aa,1
cbb47dc6-aa99-4aeb-a458-54b2576fc8f2,0
a94a7783-5192-4860-8bd8-f2584105e52a,0
3b850327-805c-4a58-8b1b-b5ac9a098f5c,0
5e83bd15-82c6-4428-b0a0-4414dfae7316,0
fa0fd333-effc-4b2c-8ff4-17c11c5bb6ac,1
29c82c43-83a2-447e-ae66-6e0bcf45675b,0
906180c9-e9b9-4b24-80c4-709a243fa3bb,0
dd5aba57-c6c0-4ddb-aa67-212b8ddb2f83,0
471ba3df-a643-4739-af3d-64435ac655f0,0
b338c872-8c87-475c-af23-dc0343a8fada,0
9d897934-8c6b-41d5-864f-cce32af1d2ae,0
25495757-2c53-45e5-999a-0f9ffe237654,0
ca2f6a98-18c7-4e7a-a9d9-9e2f82f998d5,0
ccc9c825-fe7b-4cff-9538-0dc8d6f3ec83,0
8022e0ce-cd7a-4c5f-b572-2632a112ec13,1
f91991c2-22a6-4e7b-bc07-b941e55ef524,0
e01eb8fe-40d2-4c51-9f6f-c37b655e4bb5,0
bf9f23db-19ed-49fa-8a75-0a64d2193c33,0
d128b50f-7644-4d51-ba27-fc1ea2733d57,0
56087041-0894-4066-ba39-b4f960196b61,0
6a51c6a7-228a-4b99-9ed4-4083ff501be3,0
fc207023-b2a5-4a25-b43c-f7cc78375348,1
8c10abde-0eb9-4fdd-8435-fe0e36e93af6,1
918b4e41-96c2-4cc5-b2b8-9e2e43c5c74b,0
7d6018b3-87e7-47b8-963f-c821af93c6e2,0
d892dd66-aaa0-4136-a3d0-a73396f6fab9,0
1da05a4c-a660-47aa-9a57-6a38c9cd1a59,0
7c147bbd-37ef-478d-bc3e-f872370f47f2,0
329fb033-8a1a-4fa2-ab2d-8f68fe15e895,0
f05b66b8-3cc2-4749-ab06-a1469895743a,0
b0c8fefa-b9ce-4c91-8cc7-271a504b8e63,0
11157c7d-0216-4039-b092-baaad99761fd,1
5c21ab2e-4cae-4bca-be35-37712be3d91b,0
905d706c-077a-4892-bec0-0aae624f2927,1
9ece632a-2ef1-459d-ae71-b225b45be933,0
6086d53c-3af8-47b7-a47f-1b99043a99d5,0
5928b354-ac2a-4830-8e36-d34bcb8b7bf7,0
0df822a4-6327-4c65-b939-0321a77528cd,0
e225b713-2e97-45cc-9779-bdc618549d82,1
0ec34856-1365-41b6-acdc-be95fce21b4a,1
53a3f1c0-4c70-4e8d-b2ec-54f86ef316d8,1
471715e1-a5eb-4933-9afe-2e82338bb07a,0
54a1508d-b4f0-4423-a5be-49847cee31ec,0
da6cbe1e-1ca9-4500-bc42-75bf1f715552,0
22dcf334-8521-4b50-b8f3-08d2e4c128a2,0
1e9e142d-dbfa-4f07-b085-2988a6342ac1,0
66157fef-2f8c-4be4-9025-6fb64f16f444,0
2e486ed2-a85c-47cd-b0e1-d4ad7de6d47f,0
e5a2890e-d46b-4c82-8b2a-572b4c599570,0
12474376-6a7e-4ab5-b5a5-7277ff8dc04c,0
7a5abe34-13da-467f-9590-c3900ffd2071,0
499419a3-efe5-448f-9308-a71b4d0f32e2,1
dc2f5a85-dc7b-4e8d-8dda-c011da6c7cbd,1
ada97dd9-a262-4d15-81cc-2e7480634f22,0
b7c2c44c-1e5c-4f46-84ef-9ce6c2bf211f,0
5e05d059-4f67-4043-ade6-f0117f2f5c26,0
e67b2794-994f-4d94-a8f0-9845cabd5f6a,0
5c4c736f-c59d-4421-ba11-a2ce220b46b8,0
56cfc019-84ca-441a-ba52-695041e661f0,0
c7153f53-4cdd-4c15-94b1-e8918831c253,0
2b16a496-f7fb-45f2-90b1-77f897ebb6e1,0
9c22dc7d-ea59-4549-8ae8-570f72575bee,0
4c02f301-752d-4b95-85d3-661776b20059,0
5090405a-3eeb-4979-9303-09b30cbac0c9,0
7db937c9-bf56-4b9b-8e35-895b09feab48,1
73e02dad-e497-4e34-b9ce-25c7b843780a,0
2ecd92d9-8920-4ac6-97eb-814ea62de566,0
d021ccaf-5fbb-4a11-89cb-7ae240389387,0
858c1ed5-81e3-42c8-9499-d32243abb235,0
4a676604-4653-4bf1-9414-1ef5da46f2ac,0
69d76ba2-8bb8-4d08-9271-dcf9269ef772,0
e7615f4b-dfcb-4f1a-97f3-120eec2696f5,1
473e1193-5834-48d6-99fe-95df94f5b5c5,0
9f8171d8-3f4f-493a-b33b-47b75968544a,0
1ad2a57a-e618-47de-8c69-eac1cf94d2d8,0
2047e187-c88f-4601-8044-5989ba3f1975,0
2a7f9b9b-dc6d-46ac-9753-c7d2317ebc3a,0
067da1c7-a2de-42ce-9044-32ffa0ff6e01,1
674d580a-e49f-432a-8036-809e05eb4d65,1
37439cb6-a320-414e-b19e-e1c9a448d08a,0
3c0259ad-7f43-4f0f-a723-f334d277752c,0
a6efb7cd-b8e2-41cb-bf8d-48b1d3704702,0
55c49ead-b71e-4c3e-9e96-1f54aa5ac0cf,0
7e24a1c7-7268-4260-9855-2070051f28b9,1
2b6a0403-6c82-4113-816c-b25319b1ed3c,1
8951fbaa-4632-4f75-a72c-761f9281cb81,0
adbbf3bf-ee68-4a08-b72e-35038e5e3e43,0
ad97fbda-dd69-41eb-9c7a-1ff826dd2a23,0
bac4d75a-1e14-4969-bf37-9f30f77e2e8d,0
048d78b4-1c40-4aa9-839d-714b5cdc4f89,0
b162f3b7-519a-4750-84df-687aca012e9e,0
efd311a8-d94a-4e5a-9144-3eabe0bdc651,0
e7ead137-aeb2-4cdb-951f-c79603bca88e,1
9b66ceba-7604-4db7-9ec6-bb3844b958b6,0
6ef86abe-8e33-4d1a-a7db-1a0bf7cebbf7,0
403ab40e-eb2b-43ee-83c1-f2a5b0987804,0
697ed399-90e3-4a3a-a45c-d99e4a87d6f6,0
b9bc4b80-eb79-4f10-94cf-8f05725a9844,1
cb3b287c-b49b-44e6-ab03-1c7b0a2025fd,1
faefe771-011d-4bd6-8d25-b636ed2c56e6,0
c6438a43-ab01-45ca-90d5-c9a6602c586d,1
f1b9d0db-b20f-4b00-b846-65fd8b03e203,0
bae98109-2e5b-4ac2-b1b3-8beb6a4e0901,0
168f88c3-6503-4488-9f5c-5efe9bae589f,1
f4507e71-8d96-407b-bae1-b8596713c147,0
8cfce947-89a3-4701-af79-ff5ca0191005,0
a19028f7-96a7-45e5-8ad4-57c8d5a4c446,0
c4820512-a270-4b49-bff9-88e8c51ff0ba,0
2aae5b83-a9c2-45b7-a727-8cafbb0cc66a,0
8bb10c93-cf00-4c36-97d2-6038d0cfd33a,0
c351c6e1-7764-4688-a28d-9ed9d2ca1b5f,0
8f766d9d-14d5-4446-bae1-e8d910b2b165,0
98c3c73d-d3ac-4f9f-82e8-c54c3fff5937,0
454c7ce8-8490-49c6-85e1-aa0d9bd26b59,0
53d5a48a-0db1-469b-82c9-e75c8dfe7884,0
bc00c71a-ab0b-4e70-9cbf-48422ed839e1,0
1665e288-e80c-4a76-af38-3b3e00688c4b,1
447c4a48-513c-44b6-9a34-682e8673a3a5,0
eb4f643b-563f-47ab-b5ca-64d903117a65,0
7bfeff58-622d-4a4c-91ce-480d60c63c90,1
c17acd05-885c-48f5-974e-4b96b81b12f7,0
f7502851-7a1a-43f1-96b6-f26633553786,1
95df6a22-59b1-4991-824c-042a6589ca2a,0
11a363f8-561b-4b39-becf-41edd961c3bf,0
8ba761a0-ba95-4087-bf6f-fd45219c8d09,0
a2c7337a-505f-43eb-b3bf-77a1ea7b69f4,0
9991a7d3-f5e7-407c-b2ef-5e1f22ce16d3,0
57ba5a5b-3223-498c-a417-6367b8879113,0
688b105b-8300-478d-9b9f-99cbb21c479a,0
fae55a07-f5bf-4f24-9e74-1e06e83946f7,0
63f0508d-c6ad-439a-9dd4-02bda54c3ba1,0
